timestamp,x,y,z,w
1443289855263105,-0.305603,-0.258423,0.029541,-0.915955
1443289855285121,-0.305542,-0.258301,0.0292358,-0.916077
1443289855300129,-0.305542,-0.25824,0.0292358,-0.916077
1443289855323145,-0.305542,-0.258179,0.0292358,-0.916077
1443289855345160,-0.305603,-0.258179,0.0291748,-0.916077
1443289855360170,-0.305603,-0.258118,0.0291748,-0.916077
1443289855389191,-0.305664,-0.258118,0.0291748,-0.916077
1443289855405201,-0.305481,-0.258179,0.0291138,-0.916138
1443289855419209,-0.305542,-0.258118,0.0291138,-0.916138
1443289855443225,-0.305542,-0.25824,0.0289917,-0.916077
1443289855465240,-0.305542,-0.258179,0.0289917,-0.916077
1443289855479249,-0.305542,-0.258179,0.0289917,-0.916077
1443289855503266,-0.305603,-0.258118,0.0289917,-0.916077
1443289855525281,-0.305603,-0.258118,0.0289307,-0.916077
1443289855539406,-0.305664,-0.258057,0.0289307,-0.916077
1443289855562305,-0.305664,-0.257996,0.0288696,-0.916138
1443289855585321,-0.305542,-0.258057,0.0287476,-0.916138
1443289855599329,-0.30542,-0.25824,0.0286255,-0.916138
1443289855622344,-0.30542,-0.258423,0.0286255,-0.916077
1443289855645361,-0.305481,-0.258667,0.0285645,-0.916016
1443289855666375,-0.30542,-0.258789,0.0285645,-0.915955
1443289855682542,-0.305115,-0.25885,0.0284424,-0.916077
1443289855705400,-0.304871,-0.258911,0.0282593,-0.916138
1443289855726415,-0.304871,-0.25885,0.0281982,-0.916138
1443289855742535,-0.304993,-0.258972,0.0281372,-0.916077
1443289855765439,-0.305115,-0.259033,0.0280151,-0.916016
1443289855786453,-0.305054,-0.259155,0.0278931,-0.916016
1443289855802471,-0.304871,-0.259338,0.0275879,-0.916077
1443289855825481,-0.304749,-0.259521,0.0274048,-0.916016
1443289855846495,-0.304626,-0.259766,0.0272827,-0.916016
1443289855862507,-0.304626,-0.259949,0.0272217,-0.915955
1443289855885522,-0.304565,-0.26001,0.0270996,-0.915955
1443289855906536,-0.304382,-0.260132,0.0269165,-0.916016
1443289855922546,-0.304199,-0.260315,0.0268555,-0.916016
1443289855945564,-0.304199,-0.260376,0.0269165,-0.916016
1443289855966575,-0.304199,-0.260376,0.0269165,-0.916016
1443289855982584,-0.304077,-0.260315,0.0266113,-0.916077
1443289856005602,-0.303833,-0.260376,0.0263672,-0.916138
1443289856026619,-0.303833,-0.260376,0.0263672,-0.916138
1443289856042626,-0.304199,-0.260254,0.0261841,-0.916016
1443289856065641,-0.304199,-0.260254,0.0261841,-0.916016
1443289856086654,-0.304504,-0.26001,0.0258789,-0.916016
1443289856102667,-0.304504,-0.259949,0.0258789,-0.916016
1443289856125682,-0.304565,-0.259949,0.0258179,-0.916016
1443289856147698,-0.304626,-0.259888,0.0258179,-0.916016
1443289856162706,-0.304626,-0.259888,0.0258179,-0.916016
1443289856185721,-0.304749,-0.26001,0.0255737,-0.915955
1443289856207735,-0.304504,-0.260315,0.0253906,-0.915955
1443289856223747,-0.304504,-0.260559,0.0250854,-0.915894
1443289856245763,-0.304626,-0.260803,0.0247192,-0.915771
1443289856267776,-0.304443,-0.261108,0.0244751,-0.915771
1443289856281785,-0.304565,-0.261414,0.024292,-0.915649
1443289856305802,-0.304749,-0.261597,0.0240479,-0.915527
1443289856327815,-0.304932,-0.261719,0.0239258,-0.915466
1443289856341826,-0.304871,-0.261902,0.0236206,-0.915405
1443289856364842,-0.304871,-0.262024,0.0233765,-0.915405
1443289856387856,-0.304749,-0.262085,0.0232544,-0.915405
1443289856401865,-0.304626,-0.262146,0.0231934,-0.915405
1443289856424880,-0.304688,-0.262146,0.0231934,-0.915405
1443289856447895,-0.304504,-0.262146,0.0231323,-0.915466
1443289856461906,-0.304443,-0.262085,0.0229492,-0.915527
1443289856484920,-0.304321,-0.261963,0.0227051,-0.915588
1443289856507936,-0.304321,-0.261963,0.022644,-0.915588
1443289856522031,-0.304138,-0.261902,0.0224609,-0.91571
1443289856544960,-0.304138,-0.261902,0.0223389,-0.91571
1443289856567976,-0.304504,-0.261963,0.0222778,-0.915588
1443289856581986,-0.304565,-0.261902,0.0222778,-0.915527
1443289856605007,-0.304504,-0.261841,0.0219116,-0.915588
1443289856628016,-0.304565,-0.26178,0.0216064,-0.915588
1443289856649032,-0.304565,-0.261719,0.0216064,-0.915649
1443289856665041,-0.304626,-0.261658,0.0215454,-0.915588
1443289856688056,-0.304688,-0.261658,0.0215454,-0.915588
1443289856709070,-0.304688,-0.261597,0.0212402,-0.915649
1443289856725082,-0.304626,-0.261719,0.0210571,-0.915588
1443289856748097,-0.304626,-0.261658,0.0210571,-0.915588
1443289856769109,-0.304565,-0.261719,0.0209351,-0.915649
1443289856785121,-0.304443,-0.26178,0.020752,-0.915649
1443289856808136,-0.304382,-0.26178,0.0204468,-0.91571
1443289856829150,-0.304382,-0.26178,0.0202637,-0.91571
1443289856845161,-0.304382,-0.261902,0.0201416,-0.915649
1443289856868177,-0.304443,-0.262024,0.0200195,-0.915588
1443289856889194,-0.304504,-0.262146,0.0198364,-0.915588
1443289856905201,-0.304504,-0.262085,0.0198364,-0.915588
1443289856928216,-0.304504,-0.262085,0.0198364,-0.915588
1443289856949229,-0.304443,-0.262024,0.0195923,-0.915649
1443289856965244,-0.30426,-0.262024,0.0194092,-0.91571
1443289856987255,-0.304138,-0.262146,0.0194092,-0.91571
1443289857009270,-0.304077,-0.26239,0.0193481,-0.915649
1443289857025282,-0.304077,-0.262695,0.0193481,-0.915588
1443289857048296,-0.303955,-0.262817,0.0192261,-0.915588
1443289857070312,-0.303772,-0.262939,0.019104,-0.915588
1443289857084320,-0.303833,-0.262878,0.019104,-0.915588
1443289857108336,-0.303833,-0.262878,0.019043,-0.915588
1443289857130351,-0.303833,-0.262878,0.019043,-0.915588
1443289857145360,-0.303894,-0.262817,0.019043,-0.915588
1443289857167381,-0.303894,-0.262817,0.019043,-0.915588
1443289857190390,-0.303894,-0.262756,0.0189819,-0.915588
1443289857205401,-0.303894,-0.262756,0.0189819,-0.915588
1443289857227420,-0.303833,-0.262695,0.0187378,-0.915649
1443289857250431,-0.303955,-0.262573,0.0184937,-0.915649
1443289857264440,-0.303955,-0.262573,0.0184326,-0.915649
1443289857287460,-0.304077,-0.26239,0.0181274,-0.915649
1443289857311473,-0.304138,-0.26239,0.0178223,-0.915649
1443289857324527,-0.304199,-0.262329,0.0178223,-0.915649
1443289857347498,-0.30426,-0.262329,0.0176392,-0.915649
1443289857370514,-0.304321,-0.262329,0.0174561,-0.915649
1443289857384522,-0.30426,-0.262451,0.017395,-0.915588
1443289857407540,-0.304199,-0.262512,0.017334,-0.915649
1443289857430552,-0.304016,-0.262573,0.0172729,-0.915649
1443289857444561,-0.304077,-0.262573,0.0172729,-0.915649
1443289857467577,-0.304016,-0.262634,0.0170898,-0.915649
1443289857490594,-0.303833,-0.262695,0.0169678,-0.91571
1443289857504607,-0.303833,-0.262878,0.0169678,-0.915649
1443289857527647,-0.303894,-0.263,0.0167847,-0.915588
1443289857550631,-0.303955,-0.263184,0.0165405,-0.915527
1443289857571645,-0.303833,-0.263367,0.0164185,-0.915527
1443289857587656,-0.303833,-0.263489,0.0162964,-0.915466
1443289857610671,-0.303833,-0.263611,0.0161743,-0.915466
1443289857631703,-0.303711,-0.263855,0.0161133,-0.915405
1443289857647697,-0.303528,-0.263794,0.0160522,-0.915466
1443289857670711,-0.303284,-0.263916,0.0159912,-0.915527
1443289857691726,-0.303101,-0.264038,0.0159912,-0.915588
1443289857707736,-0.302979,-0.26416,0.0159912,-0.915588
1443289857730753,-0.303101,-0.264282,0.0159912,-0.915466
1443289857751768,-0.303101,-0.264343,0.0160522,-0.915466
1443289857767776,-0.302979,-0.264343,0.0159912,-0.915527
1443289857790792,-0.302795,-0.264282,0.0157471,-0.915588
1443289857811807,-0.302673,-0.264465,0.015625,-0.915588
1443289857827816,-0.302734,-0.264587,0.015564,-0.915527
1443289857850832,-0.302734,-0.264709,0.0154419,-0.915466
1443289857871846,-0.302856,-0.264832,0.0151978,-0.915405
1443289857887857,-0.302795,-0.264893,0.0149536,-0.915405
1443289857910872,-0.302734,-0.264893,0.0146484,-0.915466
1443289857931888,-0.302673,-0.264893,0.0143433,-0.915466
1443289857947898,-0.302673,-0.264771,0.0143433,-0.915527
1443289857970911,-0.302734,-0.264771,0.0140991,-0.915527
1443289857991925,-0.302795,-0.264832,0.0140991,-0.915466
1443289858007936,-0.302551,-0.264893,0.0140381,-0.915527
1443289858029951,-0.302368,-0.264648,0.013916,-0.915649
1443289858052966,-0.302002,-0.264404,0.0140381,-0.915833
1443289858067976,-0.301941,-0.264221,0.0142212,-0.915894
1443289858090148,-0.301819,-0.26416,0.0143433,-0.915955
1443289858113007,-0.301331,-0.264343,0.0143433,-0.916077
1443289858128018,-0.300842,-0.264771,0.0143433,-0.916138
1443289858150032,-0.300232,-0.26532,0.0145874,-0.916138
1443289858173046,-0.299683,-0.265869,0.0148315,-0.916199
1443289858187057,-0.2995,-0.266357,0.0150146,-0.916077
1443289858210144,-0.299194,-0.266724,0.0149536,-0.916077
1443289858233087,-0.298889,-0.266968,0.0149536,-0.916138
1443289858247095,-0.298584,-0.267151,0.0148315,-0.916138
1443289858270111,-0.298584,-0.26709,0.0148315,-0.916199
1443289858293128,-0.298584,-0.267029,0.0148315,-0.916199
1443289858307137,-0.298645,-0.26709,0.0147705,-0.916138
1443289858330151,-0.298889,-0.267212,0.0145874,-0.916016
1443289858353167,-0.298828,-0.267273,0.0144043,-0.916016
1443289858374180,-0.298889,-0.267273,0.0144043,-0.916016
1443289858390191,-0.298889,-0.267212,0.0144043,-0.916016
1443289858413206,-0.298889,-0.267151,0.0144043,-0.916077
1443289858427217,-0.299011,-0.266785,0.0143433,-0.916138
1443289858450232,-0.29895,-0.266357,0.0140991,-0.91626
1443289858473246,-0.299011,-0.266296,0.0139771,-0.91626
1443289858487256,-0.299011,-0.266235,0.0139771,-0.916321
1443289858510280,-0.299316,-0.266113,0.0136108,-0.91626
1443289858533287,-0.299622,-0.266174,0.0131836,-0.916138
1443289858554301,-0.299866,-0.266296,0.0126343,-0.916016
1443289858570313,-0.300354,-0.266357,0.0120239,-0.915833
1443289858593328,-0.300903,-0.266235,0.0114136,-0.91571
1443289858614341,-0.301697,-0.265991,0.0107422,-0.915527
1443289858630353,-0.302734,-0.266113,0.00952148,-0.915161
1443289858653368,-0.302612,-0.266113,0.00769043,-0.915222
1443289858674383,-0.301697,-0.265747,0.00604248,-0.915649
1443289858690392,-0.301758,-0.265137,0.00543213,-0.915833
1443289858713410,-0.304382,-0.265015,0.0055542,-0.914978
1443289858733422,-0.306213,-0.265808,0.00592041,-0.914124
1443289858750434,-0.305298,-0.266296,0.00531006,-0.914307
1443289858772449,-0.303528,-0.266663,0.00427246,-0.914795
1443289858795462,-0.302368,-0.267517,0.00390625,-0.914917
1443289858810471,-0.302307,-0.26825,0.00415039,-0.914734
1443289858833488,-0.30304,-0.268982,0.00482178,-0.914246
1443289858854509,-0.303528,-0.269775,0.00506592,-0.913879
1443289858870514,-0.303284,-0.270447,0.00482178,-0.913757
1443289858892528,-0.302734,-0.27124,0.00421143,-0.913696
1443289858921546,-0.302307,-0.272034,0.00360107,-0.913574
1443289858930551,-0.302185,-0.272705,0.00311279,-0.913452
1443289858952571,-0.302246,-0.273315,0.00231934,-0.913269
1443289858975583,-0.30249,-0.274109,0.00164795,-0.912964
1443289858990592,-0.302612,-0.274841,0.000610352,-0.912659
1443289859012763,-0.302368,-0.275574,-0.000732422,-0.912537
1443289859035621,-0.302063,-0.276367,-0.00195313,-0.912415
1443289859050631,-0.302307,-0.277466,-0.00292969,-0.911987
1443289859073650,-0.302673,-0.278931,-0.00396729,-0.911377
1443289859095664,-0.302612,-0.280579,-0.00518799,-0.910889
1443289859109671,-0.302246,-0.28241,-0.00653076,-0.910461
1443289859132687,-0.301941,-0.284546,-0.00787354,-0.909912
1443289859155704,-0.301758,-0.286926,-0.00939941,-0.90918
1443289859169714,-0.301636,-0.289307,-0.0110474,-0.908447
1443289859192727,-0.301819,-0.29187,-0.0126343,-0.907532
1443289859215744,-0.302185,-0.294495,-0.0142822,-0.906555
1443289859236757,-0.30249,-0.297302,-0.0159302,-0.905518
1443289859252767,-0.302673,-0.299988,-0.0179443,-0.904541
1443289859275785,-0.303162,-0.302612,-0.0200195,-0.903442
1443289859296798,-0.303772,-0.305237,-0.0221558,-0.902283
1443289859312806,-0.304443,-0.307861,-0.024292,-0.901123
1443289859335822,-0.305115,-0.310608,-0.0265503,-0.899902
1443289859356836,-0.305969,-0.313416,-0.0291138,-0.89856
1443289859378852,-0.306641,-0.316345,-0.0317383,-0.897217
1443289859402868,-0.307373,-0.319519,-0.0340576,-0.895752
1443289859423881,-0.308472,-0.322815,-0.0362549,-0.894104
1443289859432889,-0.309448,-0.325989,-0.0386353,-0.892517
1443289859455903,-0.30957,-0.329163,-0.0413818,-0.891174
1443289859476924,-0.309692,-0.332458,-0.0439453,-0.889832
1443289859493929,-0.310181,-0.335815,-0.0460815,-0.888245
1443289859514943,-0.310608,-0.339355,-0.0479736,-0.886658
1443289859543962,-0.310547,-0.342957,-0.0499878,-0.885193
1443289859552967,-0.310059,-0.346619,-0.0519409,-0.883789
1443289859575985,-0.30957,-0.350403,-0.0536499,-0.882385
1443289859596997,-0.309265,-0.354309,-0.0551147,-0.880859
1443289859613007,-0.30896,-0.358276,-0.0563965,-0.879272
1443289859635025,-0.308716,-0.362305,-0.0576782,-0.877625
1443289859657037,-0.308289,-0.366333,-0.05896,-0.876038
1443289859673047,-0.307556,-0.370239,-0.0604248,-0.874512
1443289859695066,-0.307068,-0.373901,-0.0618896,-0.873047
1443289859717082,-0.306885,-0.377563,-0.0629883,-0.87146
1443289859733089,-0.306946,-0.381042,-0.064209,-0.869812
1443289859755103,-0.306763,-0.384583,-0.065918,-0.868164
1443289859776117,-0.305786,-0.388184,-0.0682983,-0.866699
1443289859793128,-0.304626,-0.391663,-0.0708008,-0.865417
1443289859815142,-0.304016,-0.395203,-0.072998,-0.863831
1443289859844169,-0.303894,-0.398743,-0.0748291,-0.862061
1443289859852167,-0.303955,-0.402161,-0.0768433,-0.860291
1443289859875185,-0.30365,-0.405273,-0.0790405,-0.858765
1443289859898201,-0.302979,-0.408142,-0.0813599,-0.857361
1443289859912207,-0.303101,-0.411011,-0.083252,-0.855835
1443289859935223,-0.303406,-0.413452,-0.0849609,-0.854309
1443289859958238,-0.303589,-0.415771,-0.0864258,-0.852966
1443289859972249,-0.303711,-0.417786,-0.0877075,-0.851807
1443289859995272,-0.303894,-0.4198,-0.0887451,-0.850708
1443289860018280,-0.303955,-0.421692,-0.0897827,-0.849609
1443289860033288,-0.303589,-0.423279,-0.0910034,-0.848816
1443289860055302,-0.302917,-0.424744,-0.0921631,-0.848206
1443289860078319,-0.302429,-0.425964,-0.0932007,-0.847656
1443289860092330,-0.302002,-0.427246,-0.0939941,-0.847046
1443289860115342,-0.301758,-0.428528,-0.0946655,-0.846436
1443289860138362,-0.301697,-0.42981,-0.0952759,-0.845703
1443289860152485,-0.301514,-0.43103,-0.0959473,-0.845093
1443289860175497,-0.301147,-0.432312,-0.0969849,-0.844482
1443289860197517,-0.300781,-0.433594,-0.0981445,-0.843811
1443289860212522,-0.300232,-0.435059,-0.0995483,-0.843079
1443289860235539,-0.299805,-0.436646,-0.100647,-0.842285
1443289860258553,-0.299744,-0.438416,-0.101624,-0.841248
1443289860272563,-0.299683,-0.440247,-0.102783,-0.84021
1443289860295578,-0.299255,-0.442139,-0.104248,-0.839172
1443289860317593,-0.298584,-0.44397,-0.106018,-0.838196
1443289860332604,-0.297852,-0.446045,-0.107605,-0.837158
1443289860355619,-0.297424,-0.448303,-0.108826,-0.835938
1443289860377637,-0.297241,-0.450623,-0.110046,-0.834595
1443289860393645,-0.296997,-0.452698,-0.111145,-0.833435
1443289860415660,-0.296753,-0.454468,-0.112244,-0.832397
1443289860437673,-0.296692,-0.456177,-0.11322,-0.83136
1443289860458687,-0.296814,-0.457642,-0.114014,-0.830383
1443289860475698,-0.296875,-0.459045,-0.11499,-0.829468
1443289860497733,-0.296448,-0.46051,-0.116211,-0.828613
1443289860518727,-0.295776,-0.462036,-0.117432,-0.827881
1443289860535740,-0.294983,-0.463684,-0.118591,-0.827026
1443289860557762,-0.294373,-0.465332,-0.11969,-0.826172
1443289860578768,-0.293884,-0.467163,-0.120667,-0.825195
1443289860596781,-0.293579,-0.469177,-0.121521,-0.824036
1443289860617793,-0.293152,-0.471008,-0.122559,-0.822998
1443289860638808,-0.292542,-0.472717,-0.123657,-0.822021
1443289860655820,-0.292297,-0.474243,-0.124756,-0.821106
1443289860677833,-0.291931,-0.475708,-0.125793,-0.82019
1443289860698853,-0.291748,-0.477112,-0.126587,-0.819336
1443289860715859,-0.291931,-0.478394,-0.12738,-0.81842
1443289860737874,-0.29187,-0.479553,-0.128235,-0.817627
1443289860758888,-0.291565,-0.48053,-0.129395,-0.816956
1443289860775899,-0.291077,-0.481628,-0.130615,-0.816345
1443289860797914,-0.290649,-0.482666,-0.131714,-0.815674
1443289860818928,-0.290283,-0.48407,-0.132751,-0.814819
1443289860835940,-0.289978,-0.485535,-0.133728,-0.813843
1443289860857955,-0.289917,-0.486938,-0.134583,-0.812927
1443289860886973,-0.289978,-0.488281,-0.135376,-0.811951
1443289860895979,-0.289856,-0.489563,-0.136414,-0.811035
1443289860917995,-0.289368,-0.490601,-0.137634,-0.810364
1443289860941008,-0.289063,-0.491699,-0.13855,-0.809692
1443289860955019,-0.289246,-0.492798,-0.139282,-0.808838
1443289860978035,-0.289124,-0.493774,-0.139954,-0.808105
1443289861001050,-0.28894,-0.494751,-0.140564,-0.807556
1443289861015058,-0.288879,-0.495605,-0.141174,-0.806885
1443289861038075,-0.288757,-0.496582,-0.141724,-0.806274
1443289861060250,-0.288696,-0.497498,-0.142273,-0.805603
1443289861075104,-0.288574,-0.498413,-0.142761,-0.804993
1443289861098115,-0.288635,-0.499146,-0.143372,-0.804443
1443289861120129,-0.288452,-0.499817,-0.144165,-0.803955
1443289861135139,-0.287964,-0.500488,-0.144897,-0.803589
1443289861158157,-0.287659,-0.501221,-0.145447,-0.803101
1443289861188176,-0.287659,-0.501831,-0.145691,-0.802673
1443289861195178,-0.287903,-0.502441,-0.145752,-0.802185
1443289861219197,-0.288208,-0.502869,-0.145874,-0.801758
1443289861240209,-0.288208,-0.503113,-0.146057,-0.801636
1443289861255219,-0.288147,-0.503113,-0.14624,-0.801636
1443289861278236,-0.288147,-0.503113,-0.14624,-0.801575
1443289861300384,-0.28833,-0.50293,-0.14624,-0.801636
1443289861315258,-0.288391,-0.502686,-0.146057,-0.801819
1443289861338273,-0.288574,-0.502075,-0.145935,-0.802124
1443289861360291,-0.289001,-0.501404,-0.145752,-0.80249
1443289861381306,-0.289185,-0.500671,-0.14563,-0.802856
1443289861398314,-0.289124,-0.499817,-0.145508,-0.803467
1443289861420331,-0.289063,-0.49884,-0.145325,-0.804077
1443289861443345,-0.289185,-0.498047,-0.145081,-0.804626
1443289861458355,-0.289429,-0.497192,-0.144653,-0.805115
1443289861480375,-0.289551,-0.496399,-0.144104,-0.805664
1443289861501383,-0.289673,-0.495544,-0.143433,-0.806274
1443289861518394,-0.289856,-0.49469,-0.142822,-0.806824
1443289861540408,-0.289978,-0.493591,-0.142334,-0.807556
1443289861561423,-0.289795,-0.492554,-0.141846,-0.80835
1443289861578438,-0.289734,-0.491577,-0.141235,-0.809082
1443289861600448,-0.289795,-0.49054,-0.140686,-0.809753
1443289861621464,-0.289673,-0.489563,-0.140076,-0.810486
1443289861638475,-0.289673,-0.488525,-0.139526,-0.811218
1443289861660488,-0.289612,-0.487671,-0.138916,-0.811829
1443289861681505,-0.289673,-0.486816,-0.138428,-0.812439
1443289861698514,-0.289734,-0.486023,-0.137817,-0.812988
1443289861720528,-0.289856,-0.485229,-0.137146,-0.813538
1443289861741543,-0.290039,-0.484375,-0.136536,-0.814087
1443289861757553,-0.2901,-0.483398,-0.135986,-0.814758
1443289861780571,-0.290405,-0.482056,-0.135559,-0.815491
1443289861801582,-0.290527,-0.480591,-0.134949,-0.816406
1443289861818595,-0.290955,-0.479126,-0.134155,-0.817261
1443289861840611,-0.29126,-0.477417,-0.133423,-0.818237
1443289861862628,-0.291565,-0.475647,-0.132751,-0.819275
1443289861878635,-0.29187,-0.473816,-0.132141,-0.820313
1443289861900648,-0.291931,-0.471985,-0.131592,-0.821472
1443289861922664,-0.29187,-0.470215,-0.13092,-0.822632
1443289861937674,-0.291992,-0.468445,-0.130188,-0.82373
1443289861960688,-0.292358,-0.466675,-0.129272,-0.824707
1443289861982706,-0.292725,-0.465088,-0.12854,-0.825562
1443289861997713,-0.293091,-0.463379,-0.127808,-0.826538
1443289862020729,-0.293518,-0.461609,-0.127136,-0.827454
1443289862043745,-0.293823,-0.459778,-0.126343,-0.828491
1443289862057757,-0.294312,-0.457886,-0.125488,-0.829529
1443289862080770,-0.294861,-0.455933,-0.124878,-0.830444
1443289862102784,-0.294983,-0.454041,-0.124512,-0.831543
1443289862117793,-0.294922,-0.452209,-0.123901,-0.832642
1443289862140810,-0.295044,-0.450562,-0.122986,-0.833618
1443289862162825,-0.295593,-0.448914,-0.121826,-0.834473
1443289862177834,-0.296143,-0.447021,-0.120789,-0.835449
1443289862200850,-0.296387,-0.445129,-0.119934,-0.836487
1443289862222863,-0.296326,-0.443359,-0.119385,-0.837524
1443289862237876,-0.295837,-0.441833,-0.118896,-0.838562
1443289862260890,-0.295349,-0.44043,-0.118347,-0.8396
1443289862282905,-0.295166,-0.439148,-0.117554,-0.840454
1443289862296914,-0.295227,-0.438049,-0.116394,-0.841125
1443289862321939,-0.295593,-0.436951,-0.115173,-0.841797
1443289862343945,-0.295715,-0.43573,-0.114319,-0.842468
1443289862371965,-0.295654,-0.434448,-0.11377,-0.843201
1443289862380969,-0.295471,-0.433044,-0.113159,-0.844055
1443289862402985,-0.29541,-0.431519,-0.112305,-0.844971
1443289862423998,-0.295776,-0.429932,-0.111328,-0.845764
1443289862442012,-0.296387,-0.428223,-0.110168,-0.846619
1443289862463025,-0.296997,-0.426208,-0.109192,-0.847534
1443289862484040,-0.297363,-0.424011,-0.108154,-0.848633
1443289862501051,-0.297668,-0.421631,-0.1073,-0.849854
1443289862523067,-0.297974,-0.419006,-0.106323,-0.851135
1443289862544086,-0.29834,-0.416321,-0.105164,-0.852478
1443289862561090,-0.29895,-0.413513,-0.104004,-0.85376
1443289862584105,-0.299316,-0.410583,-0.103027,-0.855164
1443289862604119,-0.299438,-0.407593,-0.102112,-0.856689
1443289862620131,-0.299377,-0.404724,-0.101379,-0.858154
1443289862643147,-0.298828,-0.4021,-0.10083,-0.859619
1443289862664178,-0.298584,-0.399841,-0.100037,-0.86084
1443289862681170,-0.298584,-0.397583,-0.098999,-0.862
1443289862703186,-0.298889,-0.395447,-0.0980225,-0.863037
1443289862724200,-0.298828,-0.393616,-0.097229,-0.863953
1443289862740212,-0.298706,-0.39209,-0.0964966,-0.864807
1443289862763225,-0.298706,-0.390686,-0.0957031,-0.865479
1443289862785389,-0.298645,-0.389465,-0.0949707,-0.86615
1443289862800250,-0.298828,-0.388123,-0.0942993,-0.86676
1443289862823264,-0.299133,-0.386597,-0.093689,-0.867432
1443289862845279,-0.299438,-0.384888,-0.0932617,-0.868103
1443289862860289,-0.2995,-0.383118,-0.0929565,-0.868896
1443289862883305,-0.299561,-0.381226,-0.0926514,-0.869751
1443289862905321,-0.299805,-0.379517,-0.0922241,-0.870422
1443289862920330,-0.300049,-0.377808,-0.0917969,-0.871155
1443289862943344,-0.300232,-0.376221,-0.0913086,-0.871826
1443289862965359,-0.300415,-0.374634,-0.0908203,-0.872498
1443289862980389,-0.300659,-0.372925,-0.090271,-0.873169
1443289863003392,-0.301086,-0.371216,-0.0895996,-0.87384
1443289863025399,-0.301514,-0.369507,-0.0890503,-0.874451
1443289863039410,-0.301514,-0.367798,-0.0886841,-0.875244
1443289863063425,-0.301514,-0.366272,-0.0882568,-0.875916
1443289863085438,-0.301453,-0.364807,-0.0876465,-0.876648
1443289863106454,-0.301636,-0.363281,-0.0869751,-0.877258
1443289863130484,-0.302124,-0.361755,-0.0861816,-0.877808
1443289863151483,-0.302307,-0.360291,-0.0856323,-0.878418
1443289863159493,-0.302124,-0.358765,-0.085144,-0.87915
1443289863183504,-0.302063,-0.3573,-0.0843506,-0.879822
1443289863205522,-0.302551,-0.355774,-0.0831299,-0.880371
1443289863220530,-0.303345,-0.354065,-0.0817261,-0.88092
1443289863243545,-0.303955,-0.352051,-0.0805054,-0.881653
1443289863265559,-0.304321,-0.349792,-0.0796509,-0.882507
1443289863288578,-0.304138,-0.347656,-0.0789795,-0.883484
1443289863303587,-0.303833,-0.345581,-0.0784302,-0.884399
1443289863333607,-0.303833,-0.343567,-0.0779419,-0.885254
1443289863346615,-0.303955,-0.341675,-0.0773926,-0.885986
1443289863363626,-0.303955,-0.339783,-0.0766602,-0.88678
1443289863385642,-0.304138,-0.338074,-0.0761108,-0.88739
1443289863406654,-0.30426,-0.336304,-0.0758667,-0.888062
1443289863422665,-0.304138,-0.334595,-0.0756226,-0.888794
1443289863445680,-0.304077,-0.332825,-0.0753784,-0.889465
1443289863466695,-0.304077,-0.331177,-0.0750732,-0.890137
1443289863483709,-0.304016,-0.329651,-0.074707,-0.890747
1443289863505719,-0.303894,-0.328064,-0.0743408,-0.891357
1443289863526737,-0.303955,-0.32666,-0.0739136,-0.891907
1443289863542752,-0.304138,-0.325378,-0.0733032,-0.892395
1443289863566760,-0.304321,-0.324036,-0.0726929,-0.892883
1443289863587775,-0.304443,-0.322571,-0.0723267,-0.893372
1443289863610790,-0.304321,-0.32135,-0.0720215,-0.893921
1443289863632805,-0.304138,-0.320251,-0.0715332,-0.894348
1443289863653820,-0.30426,-0.319336,-0.0709229,-0.894714
1443289863663825,-0.304199,-0.318481,-0.0703125,-0.895081
1443289863685839,-0.304199,-0.317383,-0.0697632,-0.895508
1443289863706855,-0.304016,-0.316162,-0.0692749,-0.896057
1443289863723869,-0.303955,-0.314941,-0.0689087,-0.896545
1443289863745880,-0.303772,-0.31366,-0.0685425,-0.897095
1443289863768896,-0.30365,-0.312439,-0.0682983,-0.897583
1443289863782905,-0.303589,-0.311157,-0.0680542,-0.898071
1443289863805920,-0.303406,-0.310059,-0.067688,-0.898499
1443289863827981,-0.303406,-0.309082,-0.0673218,-0.898865
1443289863842945,-0.303528,-0.308167,-0.0670166,-0.89917
1443289863865960,-0.303345,-0.307251,-0.0666504,-0.899597
1443289863887974,-0.30304,-0.306335,-0.0664063,-0.900024
1443289863901985,-0.302917,-0.30542,-0.065979,-0.900391
1443289863926000,-0.302979,-0.304626,-0.0656128,-0.900635
1443289863956020,-0.302917,-0.303772,-0.0651855,-0.901001
1443289863962025,-0.302979,-0.302979,-0.0648804,-0.901306
1443289864001050,-0.302612,-0.302307,-0.0646362,-0.901611
1443289864008055,-0.302429,-0.301575,-0.0643311,-0.901978
1443289864023070,-0.302429,-0.300842,-0.0638428,-0.902222
1443289864046081,-0.302429,-0.300171,-0.0634155,-0.902466
1443289864068095,-0.302124,-0.2995,-0.0631714,-0.902832
1443289864082106,-0.301819,-0.298889,-0.0629883,-0.903198
1443289864105120,-0.301575,-0.29834,-0.0627441,-0.903442
1443289864128134,-0.301392,-0.297852,-0.0625,-0.903687
1443289864142146,-0.301208,-0.297485,-0.0623169,-0.90387
1443289864165160,-0.300964,-0.297119,-0.0622559,-0.904053
1443289864188175,-0.300598,-0.296753,-0.0621948,-0.904297
1443289864202224,-0.300537,-0.296387,-0.0620117,-0.90448
1443289864225205,-0.300598,-0.296143,-0.0617676,-0.904541
1443289864248219,-0.300415,-0.295776,-0.0615234,-0.904785
1443289864277239,-0.300293,-0.295349,-0.0614014,-0.904968
1443289864286245,-0.299988,-0.294983,-0.0612793,-0.905151
1443289864309257,-0.299805,-0.294556,-0.0611572,-0.905396
1443289864329270,-0.299683,-0.294067,-0.0609741,-0.905579
1443289864345281,-0.299744,-0.293579,-0.0606079,-0.905762
1443289864368295,-0.299805,-0.293091,-0.0602417,-0.905884
1443289864389311,-0.299744,-0.292419,-0.0598755,-0.906189
1443289864405321,-0.299561,-0.291504,-0.0595703,-0.906555
1443289864428335,-0.299683,-0.290649,-0.0592651,-0.906799
1443289864449350,-0.299805,-0.289795,-0.0587158,-0.907104
1443289864465481,-0.299805,-0.288818,-0.0583496,-0.90741
1443289864488375,-0.299683,-0.287964,-0.0580444,-0.907715
1443289864509390,-0.299622,-0.287292,-0.0577393,-0.90802
1443289864525402,-0.299683,-0.286682,-0.057251,-0.908203
1443289864549417,-0.299744,-0.286133,-0.0567017,-0.908386
1443289864576435,-0.299805,-0.285461,-0.0562744,-0.908569
1443289864585441,-0.299805,-0.284607,-0.0559692,-0.908875
1443289864608456,-0.299866,-0.28363,-0.0556641,-0.90918
1443289864629471,-0.299927,-0.282654,-0.0553589,-0.909485
1443289864645481,-0.299988,-0.281738,-0.0549927,-0.90979
1443289864668495,-0.299988,-0.281006,-0.0546875,-0.910034
1443289864690509,-0.30011,-0.280396,-0.0544434,-0.910156
1443289864705525,-0.300171,-0.279846,-0.0543823,-0.910339
1443289864728536,-0.300049,-0.279175,-0.0542603,-0.910583
1443289864750550,-0.300049,-0.278625,-0.0541992,-0.910767
1443289864765560,-0.300171,-0.278198,-0.0541382,-0.910828
1443289864788575,-0.300293,-0.278015,-0.053894,-0.910889
1443289864810591,-0.300293,-0.277832,-0.053772,-0.91095
1443289864824600,-0.300232,-0.277466,-0.0537109,-0.911072
1443289864848616,-0.300232,-0.277466,-0.0537109,-0.911072
1443289864870630,-0.300293,-0.277222,-0.0534668,-0.911133
1443289864884640,-0.300537,-0.2771,-0.0532227,-0.911133
1443289864908657,-0.300964,-0.276917,-0.0529175,-0.911072
1443289864930672,-0.301025,-0.276855,-0.0527954,-0.911072
1443289864944680,-0.300781,-0.276733,-0.0527954,-0.911194
1443289864968697,-0.300659,-0.276855,-0.0526123,-0.911194
1443289864990710,-0.30072,-0.276917,-0.0522461,-0.911194
1443289865004844,-0.300842,-0.2771,-0.052002,-0.911072
1443289865027739,-0.300537,-0.277161,-0.0518799,-0.911194
1443289865050754,-0.300171,-0.277283,-0.0518799,-0.911255
1443289865064759,-0.300171,-0.277283,-0.0518799,-0.911255
1443289865087776,-0.300171,-0.277283,-0.0518799,-0.911255
1443289865110791,-0.300232,-0.277283,-0.0519409,-0.911255
1443289865124801,-0.30011,-0.2771,-0.052124,-0.911316
1443289865147818,-0.300232,-0.277039,-0.0523682,-0.911316
1443289865170831,-0.300232,-0.277039,-0.0524292,-0.911316
1443289865191847,-0.300293,-0.276978,-0.0526123,-0.911255
1443289865207856,-0.300171,-0.276917,-0.0527954,-0.911316
1443289865230871,-0.300171,-0.276917,-0.0527954,-0.911316
1443289865251884,-0.300171,-0.276917,-0.0527954,-0.911316
1443289865267899,-0.300232,-0.276855,-0.0528564,-0.911316
1443289865290912,-0.300232,-0.276855,-0.0528564,-0.911316
1443289865311925,-0.300232,-0.27655,-0.0530396,-0.911377
1443289865327937,-0.300049,-0.276306,-0.0532227,-0.91156
1443289865350953,-0.299927,-0.276062,-0.0532837,-0.911621
1443289865371966,-0.299866,-0.275757,-0.0532837,-0.911743
1443289865387978,-0.299805,-0.275513,-0.0531616,-0.911865
1443289865410996,-0.299805,-0.27533,-0.0529175,-0.911926
1443289865432010,-0.299744,-0.275146,-0.0526733,-0.911987
1443289865448016,-0.299561,-0.274963,-0.0524292,-0.912109
1443289865471032,-0.299255,-0.27478,-0.0522461,-0.912292
1443289865492047,-0.29895,-0.274536,-0.052124,-0.912476
1443289865508055,-0.298645,-0.274292,-0.052063,-0.912659
1443289865531084,-0.298584,-0.274231,-0.052063,-0.912659
1443289865552090,-0.298645,-0.274231,-0.052124,-0.912659
1443289865568099,-0.298645,-0.27417,-0.052124,-0.91272
1443289865591112,-0.298523,-0.274109,-0.0523682,-0.91272
1443289865613125,-0.298218,-0.27417,-0.0526733,-0.912781
1443289865628137,-0.298035,-0.274353,-0.0529785,-0.912781
1443289865651152,-0.297974,-0.274536,-0.0532227,-0.91272
1443289865673167,-0.297974,-0.274719,-0.0534058,-0.912659
1443289865688177,-0.297913,-0.274963,-0.0535889,-0.912598
1443289865711193,-0.297913,-0.275208,-0.053833,-0.912537
1443289865733206,-0.297729,-0.275391,-0.0543213,-0.912476
1443289865748215,-0.297485,-0.275452,-0.0549316,-0.912537
1443289865770230,-0.297241,-0.275574,-0.0552368,-0.912537
1443289865793245,-0.297119,-0.275574,-0.0554199,-0.912598
1443289865807256,-0.297241,-0.275757,-0.055603,-0.912476
1443289865830273,-0.296753,-0.276062,-0.0561523,-0.912476
1443289865853286,-0.295776,-0.276306,-0.0569458,-0.91272
1443289865867295,-0.294739,-0.276428,-0.0575562,-0.912964
1443289865890311,-0.294617,-0.276611,-0.0576172,-0.912964
1443289865913327,-0.295288,-0.276917,-0.0575562,-0.912659
1443289865928336,-0.296204,-0.2771,-0.0576782,-0.912292
1443289865950351,-0.296021,-0.2771,-0.0581055,-0.912292
1443289865973369,-0.295593,-0.2771,-0.0588379,-0.912415
1443289865987375,-0.295349,-0.2771,-0.0595093,-0.912415
1443289866010393,-0.295471,-0.2771,-0.0598755,-0.912354
1443289866033408,-0.295654,-0.277405,-0.0603027,-0.91217
1443289866047416,-0.295654,-0.277405,-0.0608521,-0.91217
1443289866070432,-0.295715,-0.277405,-0.0612793,-0.912109
1443289866093447,-0.29541,-0.277161,-0.0617676,-0.912231
1443289866114460,-0.295044,-0.276978,-0.0620728,-0.912415
1443289866131472,-0.294922,-0.276855,-0.0626221,-0.912476
1443289866153486,-0.294983,-0.276855,-0.0630493,-0.912415
1443289866174500,-0.295471,-0.276855,-0.0632935,-0.912231
1443289866190512,-0.295898,-0.277039,-0.0635376,-0.911987
1443289866213534,-0.295959,-0.277222,-0.0640869,-0.911926
1443289866234579,-0.295715,-0.277344,-0.0646362,-0.911865
1443289866250552,-0.295776,-0.277649,-0.0649414,-0.911743
1443289866273567,-0.296265,-0.277893,-0.0650024,-0.911499
1443289866294583,-0.296814,-0.278015,-0.0650024,-0.911316
1443289866310594,-0.297058,-0.278137,-0.0652466,-0.911194
1443289866334607,-0.297241,-0.278259,-0.0654297,-0.911072
1443289866354621,-0.297241,-0.278198,-0.0654907,-0.911072
1443289866370631,-0.297302,-0.278198,-0.0654907,-0.911072
1443289866393649,-0.297363,-0.278015,-0.0656738,-0.911072
1443289866414661,-0.297424,-0.277771,-0.065979,-0.911133
1443289866430672,-0.297058,-0.277588,-0.0661011,-0.911255
1443289866453687,-0.297119,-0.277588,-0.0661621,-0.911255
1443289866474703,-0.297119,-0.277527,-0.0661621,-0.911255
1443289866490713,-0.296936,-0.277283,-0.0663452,-0.911377
1443289866513727,-0.297241,-0.276917,-0.0665283,-0.911377
1443289866534740,-0.297546,-0.276917,-0.0664063,-0.911316
1443289866550752,-0.297852,-0.276855,-0.0662231,-0.911255
1443289866572774,-0.29834,-0.276855,-0.0661621,-0.911072
1443289866595781,-0.298462,-0.276733,-0.0661011,-0.911072
1443289866610792,-0.298462,-0.276672,-0.0661011,-0.911072
1443289866632807,-0.298889,-0.276428,-0.0661621,-0.911011
1443289866655821,-0.299255,-0.276184,-0.0662842,-0.911011
1443289866670833,-0.299194,-0.276123,-0.0662842,-0.911011
1443289866693850,-0.299255,-0.276062,-0.0662842,-0.911011
1443289866715861,-0.299316,-0.276001,-0.0663452,-0.911011
1443289866729871,-0.299316,-0.276001,-0.0663452,-0.911011
1443289866752894,-0.299377,-0.276001,-0.0663452,-0.911011
1443289866775901,-0.299744,-0.276184,-0.0662231,-0.910828
1443289866789911,-0.299805,-0.276428,-0.0661621,-0.910706
1443289866812928,-0.299683,-0.276733,-0.0664063,-0.910645
1443289866835944,-0.299561,-0.2771,-0.0665894,-0.910583
1443289866849958,-0.299622,-0.277283,-0.0668335,-0.910461
1443289866872973,-0.299866,-0.277466,-0.0669556,-0.910339
1443289866895983,-0.30011,-0.277588,-0.0670776,-0.910217
1443289866909993,-0.300354,-0.277771,-0.0672607,-0.910034
1443289866933011,-0.300293,-0.278015,-0.0675659,-0.909973
1443289866956022,-0.300171,-0.278381,-0.0679321,-0.909912
1443289866970031,-0.299866,-0.278748,-0.0681763,-0.909851
1443289866994047,-0.299561,-0.279175,-0.0684204,-0.90979
1443289867016063,-0.299072,-0.279541,-0.0685425,-0.909851
1443289867030072,-0.298767,-0.279907,-0.0686646,-0.909851
1443289867053090,-0.298462,-0.28009,-0.0687866,-0.909851
1443289867076102,-0.298096,-0.280151,-0.0689697,-0.909912
1443289867097117,-0.297791,-0.280212,-0.0691528,-0.910034
1443289867113126,-0.297607,-0.280396,-0.0690308,-0.910034
1443289867136141,-0.297607,-0.280701,-0.0688477,-0.909973
1443289867157213,-0.297485,-0.280945,-0.0686646,-0.909912
1443289867173167,-0.297241,-0.281189,-0.0683594,-0.909973
1443289867196183,-0.296814,-0.281433,-0.0681152,-0.910034
1443289867217204,-0.296387,-0.281616,-0.0679321,-0.910095
1443289867233207,-0.296082,-0.281799,-0.067749,-0.910156
1443289867255227,-0.296021,-0.281982,-0.067749,-0.910156
1443289867277236,-0.296021,-0.282166,-0.067688,-0.910095
1443289867293247,-0.296204,-0.282349,-0.067688,-0.909973
1443289867316262,-0.296204,-0.28241,-0.0680542,-0.909912
1443289867337280,-0.296143,-0.282288,-0.0685425,-0.909912
1443289867353287,-0.296204,-0.282349,-0.0689087,-0.909851
1443289867376303,-0.296387,-0.28241,-0.0690918,-0.90979
1443289867397316,-0.296631,-0.282349,-0.069397,-0.909729
1443289867413328,-0.29657,-0.28241,-0.0697632,-0.909668
1443289867435341,-0.296509,-0.28241,-0.0700684,-0.909668
1443289867457452,-0.296448,-0.282471,-0.0703125,-0.909668
1443289867473366,-0.296448,-0.282471,-0.0705566,-0.909668
1443289867495382,-0.296448,-0.282654,-0.0708618,-0.909546
1443289867525402,-0.296448,-0.282776,-0.071167,-0.909485
1443289867533408,-0.29657,-0.282837,-0.0714722,-0.909424
1443289867555422,-0.296631,-0.283081,-0.0716553,-0.909302
1443289867578438,-0.296875,-0.283447,-0.0718384,-0.909058
1443289867593447,-0.296875,-0.283752,-0.0723877,-0.908936
1443289867615578,-0.296448,-0.283997,-0.072937,-0.908997
1443289867638478,-0.297241,-0.284058,-0.0733032,-0.908691
1443289867653487,-0.297607,-0.284485,-0.0733032,-0.908386
1443289867675501,-0.297119,-0.285095,-0.0733643,-0.908386
1443289867698517,-0.296326,-0.285278,-0.0744019,-0.908508
1443289867712528,-0.295227,-0.285522,-0.0755005,-0.908691
1443289867735589,-0.295044,-0.285889,-0.0755615,-0.90863
1443289867758559,-0.295715,-0.286255,-0.0753784,-0.908325
1443289867772567,-0.296326,-0.286621,-0.0754395,-0.907959
1443289867795583,-0.296387,-0.286804,-0.0758667,-0.907898
1443289867818598,-0.296082,-0.286865,-0.0762329,-0.907959
1443289867832607,-0.296021,-0.286987,-0.0764771,-0.907898
1443289867855623,-0.296204,-0.28717,-0.076416,-0.907776
1443289867878637,-0.296265,-0.287292,-0.076416,-0.907715
1443289867892646,-0.296265,-0.287292,-0.076416,-0.907715
1443289867915662,-0.296265,-0.287292,-0.076416,-0.907715
1443289867938679,-0.296265,-0.287354,-0.0762939,-0.907715
1443289867952686,-0.296143,-0.287292,-0.0762329,-0.907776
1443289867975703,-0.296143,-0.287292,-0.0762329,-0.907776
1443289867998717,-0.296143,-0.287292,-0.0762329,-0.907776
1443289868019732,-0.296143,-0.287231,-0.0762329,-0.907776
1443289868035744,-0.296143,-0.287231,-0.0762939,-0.907776
1443289868058758,-0.296143,-0.287231,-0.0765381,-0.907776
1443289868079772,-0.296082,-0.287354,-0.0767822,-0.907715
1443289868095782,-0.295959,-0.287537,-0.0769653,-0.907715
1443289868118799,-0.295898,-0.287659,-0.0771484,-0.907654
1443289868123802,-0.295898,-0.287842,-0.0773315,-0.907593
1443289868145818,-0.295959,-0.287964,-0.0775757,-0.907532
1443289868161835,-0.295837,-0.288025,-0.0776978,-0.907532
1443289868183842,-0.295898,-0.288025,-0.0776978,-0.907532
1443289868205856,-0.295898,-0.287964,-0.0777588,-0.907532
1443289868228870,-0.295898,-0.287964,-0.0777588,-0.907532
1443289868243883,-0.295837,-0.287903,-0.0778809,-0.907532
1443289868265904,-0.295715,-0.287903,-0.078064,-0.907532
1443289868280913,-0.295532,-0.287903,-0.0782471,-0.907593
1443289868303922,-0.295532,-0.287903,-0.0783691,-0.907593
1443289868325935,-0.29541,-0.288025,-0.0784302,-0.907593
1443289868340945,-0.295288,-0.288086,-0.0784912,-0.907593
1443289868363960,-0.295166,-0.288208,-0.0786133,-0.907593
1443289868385977,-0.295044,-0.288269,-0.0787354,-0.907593
1443289868400990,-0.295044,-0.288269,-0.0787354,-0.907593
1443289868424002,-0.295044,-0.288269,-0.0787354,-0.907593
1443289868446016,-0.295105,-0.288208,-0.0787354,-0.907593
1443289868461030,-0.295044,-0.288269,-0.0789185,-0.907593
1443289868484047,-0.294922,-0.288269,-0.0791016,-0.907593
1443289868506056,-0.294922,-0.288391,-0.0792847,-0.907593
1443289868521066,-0.294678,-0.288391,-0.0794067,-0.907654
1443289868544082,-0.294678,-0.288513,-0.0795898,-0.907593
1443289868566096,-0.294678,-0.288696,-0.0796509,-0.907532
1443289868581106,-0.294678,-0.288635,-0.0796509,-0.907532
1443289868604165,-0.294556,-0.288635,-0.0797119,-0.907532
1443289868626136,-0.294556,-0.288635,-0.0797119,-0.907532
1443289868643149,-0.294434,-0.288635,-0.079895,-0.907593
1443289868664163,-0.294434,-0.288635,-0.079895,-0.907593
1443289868686178,-0.294312,-0.288818,-0.079895,-0.907593
1443289868701192,-0.294189,-0.28894,-0.0799561,-0.907593
1443289868724205,-0.294189,-0.289063,-0.0799561,-0.907532
1443289868746219,-0.29425,-0.289063,-0.0800171,-0.907532
1443289868764228,-0.29425,-0.289063,-0.0800171,-0.907532
1443289868783240,-0.29425,-0.289001,-0.0800171,-0.907532
1443289868806261,-0.29425,-0.289001,-0.0800171,-0.907532
1443289868821268,-0.29425,-0.28894,-0.0800781,-0.907532
1443289868844283,-0.29425,-0.289001,-0.0801392,-0.907471
1443289868866299,-0.294189,-0.289124,-0.0802612,-0.907471
1443289868882308,-0.294006,-0.289368,-0.0804443,-0.907471
1443289868903322,-0.293762,-0.28949,-0.0805664,-0.907471
1443289868926336,-0.29364,-0.289673,-0.0806885,-0.90741
1443289868942346,-0.29364,-0.289856,-0.0808716,-0.907349
1443289868963361,-0.29364,-0.289978,-0.0809937,-0.907349
1443289868986377,-0.293701,-0.2901,-0.0810547,-0.907288
1443289869010394,-0.29364,-0.290222,-0.0811157,-0.907227
1443289869023403,-0.293518,-0.290222,-0.0813599,-0.907227
1443289869046422,-0.293274,-0.290222,-0.081604,-0.907288
1443289869068430,-0.293274,-0.290161,-0.081604,-0.907288
1443289869083442,-0.293335,-0.290161,-0.081665,-0.907288
1443289869106457,-0.293335,-0.2901,-0.081665,-0.907288
1443289869128472,-0.293274,-0.2901,-0.0818481,-0.907288
1443289869143482,-0.292969,-0.290222,-0.0820313,-0.907349
1443289869166498,-0.292847,-0.290405,-0.0820313,-0.907349
1443289869188514,-0.292786,-0.290466,-0.0821533,-0.907349
1443289869203521,-0.292786,-0.290466,-0.0821533,-0.907349
1443289869226537,-0.292786,-0.290405,-0.0821533,-0.907349
1443289869248554,-0.292725,-0.290405,-0.0823364,-0.907349
1443289869263561,-0.292725,-0.290344,-0.0823364,-0.907349
1443289869286577,-0.292725,-0.290344,-0.0823364,-0.907349
1443289869308591,-0.292725,-0.290466,-0.0825195,-0.907349
1443289869323601,-0.292664,-0.290527,-0.0827026,-0.907288
1443289869346616,-0.29248,-0.29071,-0.0828247,-0.907288
1443289869368638,-0.292542,-0.290649,-0.0828247,-0.907288
1443289869383641,-0.292542,-0.290649,-0.0828857,-0.907288
1443289869406658,-0.292542,-0.290588,-0.0828857,-0.907288
1443289869428672,-0.292603,-0.290588,-0.0828857,-0.907288
1443289869443683,-0.29248,-0.290588,-0.0830688,-0.907288
1443289869466698,-0.29248,-0.290588,-0.0830688,-0.907288
1443289869488711,-0.292542,-0.290527,-0.0830688,-0.907288
1443289869503722,-0.292419,-0.290649,-0.0831909,-0.907288
1443289869525737,-0.292236,-0.29071,-0.083313,-0.907288
1443289869548753,-0.292236,-0.290833,-0.0834351,-0.907288
1443289869563764,-0.292358,-0.291016,-0.0834961,-0.907166
1443289869585776,-0.292358,-0.291138,-0.0834961,-0.907104
1443289869608795,-0.292358,-0.291138,-0.0834961,-0.907104
1443289869623802,-0.292419,-0.291077,-0.0835571,-0.907104
1443289869646817,-0.292419,-0.291077,-0.0835571,-0.907166
1443289869668833,-0.292419,-0.291016,-0.0835571,-0.907166
1443289869683844,-0.292297,-0.291077,-0.0837402,-0.907166
1443289869706857,-0.292236,-0.291138,-0.0839844,-0.907104
1443289869728872,-0.292114,-0.291321,-0.0841675,-0.907104
1443289869743882,-0.291992,-0.291504,-0.0842896,-0.907043
1443289869766904,-0.292053,-0.291504,-0.0842896,-0.907043
1443289869788912,-0.292053,-0.291504,-0.0842896,-0.907043
1443289869803923,-0.292053,-0.291443,-0.0845947,-0.907043
1443289869825940,-0.292053,-0.291443,-0.0845947,-0.907043
1443289869848952,-0.292053,-0.291382,-0.0845947,-0.907043
1443289869863963,-0.292114,-0.291382,-0.0845947,-0.907043
1443289869885981,-0.291992,-0.291443,-0.0848389,-0.907043
1443289869908993,-0.29187,-0.291443,-0.085022,-0.907043
1443289869925053,-0.29187,-0.291443,-0.085022,-0.907043
1443289869946018,-0.29187,-0.291443,-0.085083,-0.907043
1443289869969039,-0.29187,-0.291504,-0.085144,-0.907043
1443289869984042,-0.291992,-0.291626,-0.0852661,-0.906921
1443289870006056,-0.291809,-0.291809,-0.0852051,-0.906921
1443289870029073,-0.291748,-0.291992,-0.0853271,-0.90686
1443289870045082,-0.291443,-0.292297,-0.0853882,-0.90686
1443289870066098,-0.29126,-0.292542,-0.0854492,-0.90686
1443289870089118,-0.291138,-0.292664,-0.0855103,-0.90686
1443289870105122,-0.291138,-0.292664,-0.0855103,-0.90686
1443289870126141,-0.291138,-0.292603,-0.0855713,-0.90686
1443289870149152,-0.291199,-0.292603,-0.0855713,-0.90686
1443289870171167,-0.291199,-0.292603,-0.0855713,-0.90686
1443289870186177,-0.291199,-0.292542,-0.0855713,-0.90686
1443289870209192,-0.291199,-0.292542,-0.0855713,-0.90686
1443289870225204,-0.291504,-0.292358,-0.0856323,-0.906799
1443289870246218,-0.291931,-0.292419,-0.0856323,-0.906677
1443289870269232,-0.292114,-0.29303,-0.0860596,-0.906372
1443289870285243,-0.291992,-0.293945,-0.086731,-0.906067
1443289870306259,-0.29126,-0.294373,-0.0873413,-0.906067
1443289870329275,-0.291016,-0.294617,-0.0877686,-0.906006
1443289870345283,-0.291382,-0.294922,-0.0883789,-0.905762
1443289870366297,-0.292297,-0.295471,-0.0887451,-0.905273
1443289870390313,-0.292236,-0.295837,-0.0891724,-0.90509
1443289870406323,-0.290833,-0.295776,-0.0897827,-0.905518
1443289870426339,-0.290588,-0.295959,-0.09021,-0.905518
1443289870448353,-0.29126,-0.296021,-0.0905151,-0.905212
1443289870471368,-0.29187,-0.296021,-0.0905151,-0.905029
1443289870486379,-0.292847,-0.295959,-0.0905762,-0.904724
1443289870508392,-0.293274,-0.295654,-0.0905762,-0.904663
1443289870531409,-0.293518,-0.295105,-0.0906982,-0.904785
1443289870546418,-0.293701,-0.294495,-0.0908813,-0.904907
1443289870568432,-0.293762,-0.294006,-0.0910645,-0.905029
1443289870591448,-0.29364,-0.293396,-0.0909424,-0.905273
1443289870606459,-0.293518,-0.292847,-0.0906982,-0.905518
1443289870628475,-0.293762,-0.292175,-0.0905762,-0.90564
1443289870660495,-0.294067,-0.291504,-0.0904541,-0.905762
1443289870666497,-0.29425,-0.291199,-0.090271,-0.905884
1443289870688513,-0.29425,-0.290894,-0.09021,-0.905945
1443289870711527,-0.294067,-0.290649,-0.0900879,-0.906128
1443289870726542,-0.294067,-0.290344,-0.0899658,-0.906189
1443289870748555,-0.294373,-0.290222,-0.0896606,-0.906189
1443289870771569,-0.294434,-0.290222,-0.0896606,-0.906189
1443289870786577,-0.294617,-0.2901,-0.0895996,-0.906189
1443289870808730,-0.2948,-0.289917,-0.0892334,-0.906189
1443289870831607,-0.294983,-0.289795,-0.0889282,-0.906189
1443289870846619,-0.294983,-0.289795,-0.0889893,-0.906189
1443289870868632,-0.294983,-0.289795,-0.0889893,-0.906189
1443289870891647,-0.294983,-0.289795,-0.0889893,-0.906189
1443289870907661,-0.294983,-0.289795,-0.0889282,-0.906189
1443289870928673,-0.295227,-0.289856,-0.0886841,-0.906128
1443289870951693,-0.295227,-0.289856,-0.0886841,-0.906128
1443289870967698,-0.295227,-0.289856,-0.0886841,-0.906128
1443289870988712,-0.295227,-0.289856,-0.0886841,-0.906128
1443289871011732,-0.295227,-0.289856,-0.0886841,-0.906128
1443289871027737,-0.295288,-0.289795,-0.0886841,-0.906128
1443289871048753,-0.295227,-0.289795,-0.0886841,-0.906128
1443289871071768,-0.295227,-0.289795,-0.0886841,-0.906128
1443289871087778,-0.295227,-0.289795,-0.0886841,-0.906128
1443289871108800,-0.295288,-0.289795,-0.0886841,-0.906128
1443289871131808,-0.295288,-0.289795,-0.0887451,-0.906128
1443289871147820,-0.295288,-0.289795,-0.0887451,-0.906128
1443289871168837,-0.295288,-0.289795,-0.0887451,-0.906128
1443289871191849,-0.295288,-0.289795,-0.0887451,-0.906128
1443289871209862,-0.295288,-0.289734,-0.0887451,-0.906128
1443289871228874,-0.295288,-0.289734,-0.0887451,-0.906128
1443289871250894,-0.295288,-0.289734,-0.0887451,-0.906128
1443289871267898,-0.295288,-0.289734,-0.0887451,-0.906128
1443289871288912,-0.295288,-0.289795,-0.0887451,-0.906128
1443289871311927,-0.295288,-0.289734,-0.0887451,-0.906128
1443289871328942,-0.295471,-0.289856,-0.088623,-0.906067
1443289871348956,-0.295715,-0.289734,-0.088501,-0.906006
1443289871372969,-0.295715,-0.289734,-0.088501,-0.906006
1443289871388979,-0.295715,-0.289734,-0.088501,-0.906006
1443289871408995,-0.295715,-0.289734,-0.088501,-0.906006
1443289871431009,-0.295715,-0.289734,-0.088501,-0.906006
1443289871449018,-0.295715,-0.289734,-0.088501,-0.906006
1443289871469034,-0.295532,-0.289734,-0.088623,-0.906067
1443289871491047,-0.295532,-0.289734,-0.088623,-0.906067
1443289871509059,-0.295532,-0.289734,-0.088623,-0.906067
1443289871529075,-0.295532,-0.289734,-0.088623,-0.906067
1443289871551087,-0.295593,-0.289734,-0.088623,-0.906067
1443289871569101,-0.29541,-0.289612,-0.0886841,-0.906128
1443289871589113,-0.29541,-0.289612,-0.0886841,-0.906128
1443289871611128,-0.29541,-0.289612,-0.0886841,-0.906128
1443289871629139,-0.29541,-0.289551,-0.0886841,-0.906128
1443289871649153,-0.29541,-0.289612,-0.0886841,-0.906128
1443289871671167,-0.29541,-0.289551,-0.0886841,-0.906128
1443289871689179,-0.29541,-0.289612,-0.0886841,-0.906128
1443289871709195,-0.29541,-0.289612,-0.0886841,-0.906128
1443289871731209,-0.295471,-0.289612,-0.0886841,-0.906128
1443289871749220,-0.295471,-0.289612,-0.0886841,-0.906128
1443289871769235,-0.295471,-0.289612,-0.0886841,-0.906128
1443289871791247,-0.295471,-0.289612,-0.0886841,-0.906128
1443289871814267,-0.295471,-0.289612,-0.0886841,-0.906128
1443289871829273,-0.295471,-0.289551,-0.0886841,-0.906128
1443289871851289,-0.295471,-0.289551,-0.0886841,-0.906128
1443289871874305,-0.295471,-0.289551,-0.0886841,-0.906128
1443289871888312,-0.295471,-0.289551,-0.0886841,-0.906128
1443289871911329,-0.295471,-0.289551,-0.0886841,-0.906128
1443289871933343,-0.295471,-0.289551,-0.0886841,-0.906128
1443289871950354,-0.295471,-0.289551,-0.0886841,-0.906128
1443289871971367,-0.295471,-0.289612,-0.0886841,-0.906128
1443289871994383,-0.295471,-0.289612,-0.0886841,-0.906128
1443289872010394,-0.295471,-0.289612,-0.0886841,-0.906128
1443289872031408,-0.295471,-0.289612,-0.0886841,-0.906128
1443289872054425,-0.295471,-0.289612,-0.0886841,-0.906128
1443289872071437,-0.295471,-0.289612,-0.0886841,-0.906128
1443289872091449,-0.295471,-0.289612,-0.0886841,-0.906128
1443289872113465,-0.295471,-0.289612,-0.0886841,-0.906128
1443289872130474,-0.295471,-0.289612,-0.0886841,-0.906128
1443289872151490,-0.295471,-0.289612,-0.0886841,-0.906128
1443289872173507,-0.295471,-0.289612,-0.0886841,-0.906128
1443289872190515,-0.295471,-0.289612,-0.0886841,-0.906128
1443289872211529,-0.295471,-0.289612,-0.0886841,-0.906128
1443289872233543,-0.295471,-0.289612,-0.0886841,-0.906128
1443289872250554,-0.295471,-0.289673,-0.0886841,-0.906128
1443289872271570,-0.295776,-0.289551,-0.088562,-0.906067
1443289872293583,-0.295776,-0.289551,-0.088562,-0.906067
1443289872311594,-0.29541,-0.289551,-0.088562,-0.906189
1443289872331610,-0.295288,-0.289734,-0.0883789,-0.906189
1443289872353622,-0.295288,-0.289734,-0.0883789,-0.906189
1443289872371635,-0.295471,-0.289978,-0.0882568,-0.906067
1443289872391649,-0.295471,-0.290222,-0.0880127,-0.906006
1443289872413662,-0.29541,-0.290222,-0.0880127,-0.906006
1443289872431676,-0.295471,-0.290222,-0.0880127,-0.906006
1443289872451688,-0.295288,-0.290527,-0.0880127,-0.905945
1443289872473703,-0.295166,-0.290894,-0.0878906,-0.905884
1443289872491716,-0.29541,-0.291016,-0.0878906,-0.905762
1443289872511731,-0.295654,-0.291321,-0.0876465,-0.90564
1443289872541752,-0.295593,-0.291321,-0.0876465,-0.90564
1443289872551755,-0.295349,-0.29126,-0.0879517,-0.905701
1443289872571769,-0.294861,-0.291382,-0.0881958,-0.905823
1443289872601788,-0.294861,-0.291382,-0.0881348,-0.905823
1443289872611795,-0.295105,-0.291565,-0.0880127,-0.905701
1443289872631814,-0.29541,-0.291809,-0.0880737,-0.905518
1443289872653825,-0.295227,-0.291992,-0.0881348,-0.905457
1443289872671836,-0.295227,-0.291992,-0.0881348,-0.905457
1443289872691857,-0.295288,-0.292297,-0.0882568,-0.905334
1443289872713863,-0.295288,-0.29248,-0.0883179,-0.905273
1443289872731875,-0.295227,-0.292725,-0.0883789,-0.905212
1443289872751889,-0.295105,-0.29303,-0.0884399,-0.905151
1443289872773903,-0.295044,-0.293335,-0.088562,-0.90509
1443289872791917,-0.294922,-0.293701,-0.0886841,-0.904968
1443289872811930,-0.294739,-0.294128,-0.0886841,-0.904907
1443289872833944,-0.294556,-0.294556,-0.0888062,-0.904785
1443289872851956,-0.294373,-0.294922,-0.0889282,-0.904724
1443289872879974,-0.294373,-0.295227,-0.0890503,-0.904663
1443289872900990,-0.294373,-0.29541,-0.0892944,-0.904541
1443289872911997,-0.294312,-0.295715,-0.0898438,-0.904419
1443289872933011,-0.294067,-0.296082,-0.0903931,-0.904297
1443289872954023,-0.293945,-0.296448,-0.0911865,-0.904175
1443289872972035,-0.293823,-0.296997,-0.09198,-0.903931
1443289872993051,-0.293396,-0.297852,-0.0928955,-0.903687
1443289873014072,-0.29303,-0.298889,-0.0939941,-0.903381
1443289873032076,-0.292786,-0.30011,-0.0947876,-0.902954
1443289873053093,-0.292603,-0.301575,-0.0956421,-0.902405
1443289873074104,-0.292542,-0.303223,-0.0969238,-0.901794
1443289873092118,-0.292175,-0.30481,-0.0982666,-0.901184
1443289873113131,-0.291809,-0.306641,-0.0994263,-0.900574
1443289873137146,-0.291809,-0.308533,-0.100586,-0.89978
1443289873159162,-0.291748,-0.31073,-0.101807,-0.898926
1443289873179174,-0.291565,-0.313049,-0.103271,-0.89801
1443289873194184,-0.291199,-0.315552,-0.104797,-0.897095
1443289873212196,-0.291016,-0.318115,-0.106201,-0.896057
1443289873234211,-0.29071,-0.32074,-0.107544,-0.895081
1443289873254224,-0.290649,-0.323303,-0.108948,-0.893982
1443289873276238,-0.290649,-0.325745,-0.110535,-0.892883
1443289873295250,-0.29071,-0.328064,-0.112244,-0.891846
1443289873321269,-0.290771,-0.330566,-0.113953,-0.890686
1443289873353291,-0.290588,-0.333313,-0.115601,-0.889465
1443289873356292,-0.290466,-0.336243,-0.11731,-0.888184
1443289873374303,-0.290222,-0.339294,-0.118958,-0.886902
1443289873396324,-0.289856,-0.342468,-0.120544,-0.885559
1443289873414330,-0.289673,-0.345642,-0.122192,-0.884155
1443289873437346,-0.289612,-0.348816,-0.123718,-0.882751
1443289873456360,-0.289307,-0.352173,-0.125061,-0.881348
1443289873474370,-0.289063,-0.355591,-0.126343,-0.879822
1443289873494384,-0.288696,-0.358887,-0.127869,-0.878418
1443289873516399,-0.288269,-0.361816,-0.129395,-0.877136
1443289873534412,-0.287842,-0.364685,-0.130859,-0.875854
1443289873554429,-0.287598,-0.367615,-0.132019,-0.874573
1443289873576439,-0.28717,-0.370483,-0.133179,-0.873291
1443289873600457,-0.286804,-0.373291,-0.134338,-0.87207
1443289873614466,-0.286133,-0.376221,-0.135498,-0.870789
1443289873636479,-0.285522,-0.379211,-0.136658,-0.869568
1443289873654492,-0.284851,-0.382202,-0.137634,-0.868286
1443289873674543,-0.28418,-0.385254,-0.138367,-0.867065
1443289873696518,-0.283997,-0.388245,-0.139038,-0.865662
1443289873714531,-0.283691,-0.391113,-0.140015,-0.864319
1443289873733545,-0.282837,-0.39386,-0.141052,-0.863159
1443289873756559,-0.282104,-0.396484,-0.142212,-0.862061
1443289873774576,-0.281372,-0.399353,-0.143188,-0.860779
1443289873793585,-0.280762,-0.402161,-0.144043,-0.859558
1443289873816599,-0.280334,-0.405029,-0.144714,-0.858215
1443289873834612,-0.280029,-0.407593,-0.145508,-0.856934
1443289873855627,-0.279541,-0.409973,-0.146423,-0.855835
1443289873876643,-0.27887,-0.412109,-0.147095,-0.854919
1443289873894651,-0.278625,-0.414185,-0.147583,-0.853882
1443289873915668,-0.278625,-0.415894,-0.148071,-0.852966
1443289873936679,-0.27832,-0.417297,-0.148804,-0.852234
1443289873954692,-0.277893,-0.41864,-0.149414,-0.851624
1443289873976707,-0.277527,-0.419983,-0.149902,-0.851013
1443289873996724,-0.277405,-0.421509,-0.150391,-0.85022
1443289874014732,-0.277039,-0.423218,-0.150879,-0.849426
1443289874035747,-0.276367,-0.424927,-0.15155,-0.848633
1443289874056761,-0.275696,-0.426697,-0.152222,-0.847839
1443289874074772,-0.275024,-0.428528,-0.152893,-0.847046
1443289874095786,-0.274414,-0.43042,-0.153259,-0.846191
1443289874116800,-0.274109,-0.432434,-0.153687,-0.845215
1443289874134812,-0.273987,-0.434326,-0.154053,-0.844177
1443289874155825,-0.273743,-0.435974,-0.15448,-0.843323
1443289874176845,-0.273499,-0.437317,-0.154846,-0.842651
1443289874194852,-0.273193,-0.438477,-0.155273,-0.842102
1443289874216866,-0.272705,-0.439514,-0.155884,-0.841614
1443289874236879,-0.272156,-0.44043,-0.156433,-0.841187
1443289874254891,-0.271667,-0.441406,-0.156738,-0.840759
1443289874276908,-0.271484,-0.442322,-0.15686,-0.840332
1443289874295920,-0.271423,-0.443176,-0.156982,-0.839844
1443289874313933,-0.271301,-0.44397,-0.157227,-0.839478
1443289874336946,-0.270996,-0.444519,-0.157654,-0.839172
1443289874355959,-0.270691,-0.444885,-0.158264,-0.838989
1443289874373972,-0.270386,-0.445374,-0.158752,-0.838745
1443289874396986,-0.270203,-0.445923,-0.159119,-0.83844
1443289874417002,-0.269775,-0.446533,-0.159546,-0.838135
1443289874434010,-0.269409,-0.447388,-0.160034,-0.837708
1443289874457026,-0.269104,-0.448364,-0.160522,-0.837219
1443289874477042,-0.268616,-0.449463,-0.161011,-0.83667
1443289874494052,-0.268066,-0.450745,-0.161682,-0.835999
1443289874517066,-0.267517,-0.452209,-0.162354,-0.835266
1443289874536080,-0.266968,-0.453735,-0.162781,-0.834534
1443289874554090,-0.266602,-0.455383,-0.163025,-0.83374
1443289874577108,-0.266357,-0.456909,-0.16333,-0.832886
1443289874596123,-0.265991,-0.458252,-0.163635,-0.832214
1443289874614132,-0.265991,-0.45929,-0.163635,-0.831665
1443289874637146,-0.266174,-0.460022,-0.163635,-0.831177
1443289874656160,-0.266113,-0.460388,-0.16394,-0.830933
1443289874679181,-0.265869,-0.460449,-0.164307,-0.830933
1443289874697185,-0.265869,-0.460449,-0.164307,-0.830933
1443289874716199,-0.266113,-0.460327,-0.164124,-0.830933
1443289874739218,-0.266235,-0.460144,-0.164001,-0.830994
1443289874757227,-0.266174,-0.459839,-0.164124,-0.831177
1443289874778241,-0.265991,-0.459595,-0.164124,-0.83136
1443289874799259,-0.265869,-0.459473,-0.163879,-0.831543
1443289874816268,-0.266113,-0.459167,-0.163513,-0.831665
1443289874838283,-0.266357,-0.458801,-0.162964,-0.831909
1443289874859295,-0.266724,-0.458069,-0.162354,-0.832336
1443289874877307,-0.267456,-0.457031,-0.161682,-0.832825
1443289874898322,-0.268188,-0.455627,-0.160767,-0.833496
1443289874919336,-0.269165,-0.453796,-0.159851,-0.834351
1443289874937350,-0.270081,-0.451538,-0.159119,-0.835449
1443289874958361,-0.27063,-0.448914,-0.158569,-0.836792
1443289874979377,-0.271057,-0.446167,-0.15802,-0.838196
1443289874997387,-0.271362,-0.443542,-0.157288,-0.839661
1443289875018403,-0.27179,-0.44104,-0.15625,-0.841003
1443289875039415,-0.2724,-0.438721,-0.154907,-0.842285
1443289875056427,-0.273193,-0.436523,-0.153503,-0.843445
1443289875077443,-0.273743,-0.434326,-0.152283,-0.844604
1443289875099455,-0.273987,-0.432312,-0.151306,-0.845703
1443289875116466,-0.273926,-0.43042,-0.150513,-0.846863
1443289875139481,-0.273926,-0.428589,-0.149353,-0.847961
1443289875159498,-0.274414,-0.426941,-0.147766,-0.848938
1443289875176506,-0.274963,-0.425293,-0.145996,-0.849854
1443289875199522,-0.275574,-0.423462,-0.144165,-0.850891
1443289875219536,-0.276123,-0.421509,-0.1427,-0.85199
1443289875236546,-0.276489,-0.419189,-0.141724,-0.853149
1443289875259562,-0.276672,-0.416504,-0.140686,-0.854553
1443289875279653,-0.277039,-0.413757,-0.139648,-0.855957
1443289875296586,-0.277283,-0.410889,-0.138672,-0.857422
1443289875319602,-0.277771,-0.407898,-0.137756,-0.858826
1443289875338614,-0.278198,-0.404785,-0.137024,-0.860291
1443289875361638,-0.278259,-0.401611,-0.136292,-0.861877
1443289875379642,-0.27832,-0.398499,-0.135437,-0.863403
1443289875406661,-0.278687,-0.395447,-0.134338,-0.864868
1443289875416666,-0.279236,-0.392578,-0.13324,-0.86615
1443289875439683,-0.279846,-0.389771,-0.132141,-0.867432
1443289875458695,-0.280151,-0.386902,-0.131226,-0.868713
1443289875476706,-0.280151,-0.384094,-0.130371,-0.870117
1443289875499722,-0.280212,-0.381287,-0.129456,-0.87146
1443289875518771,-0.28064,-0.378723,-0.128296,-0.87262
1443289875536746,-0.28125,-0.37616,-0.127136,-0.873718
1443289875559782,-0.281616,-0.373596,-0.126038,-0.874817
1443289875578776,-0.281921,-0.370972,-0.125244,-0.875977
1443289875596788,-0.28241,-0.368469,-0.124329,-0.877014
1443289875619805,-0.282654,-0.366028,-0.123413,-0.878052
1443289875638815,-0.282837,-0.36377,-0.122559,-0.879089
1443289875662830,-0.283142,-0.361572,-0.121643,-0.880005
1443289875686847,-0.28363,-0.359375,-0.120667,-0.880859
1443289875706868,-0.284363,-0.356995,-0.11969,-0.881775
1443289875716868,-0.28479,-0.354492,-0.118835,-0.882751
1443289875739883,-0.284973,-0.351929,-0.118225,-0.883789
1443289875760897,-0.285034,-0.349365,-0.117798,-0.884827
1443289875777908,-0.285034,-0.347168,-0.117126,-0.885803
1443289875798922,-0.285339,-0.345093,-0.116089,-0.886658
1443289875821936,-0.285706,-0.343018,-0.114746,-0.887512
1443289875836948,-0.286316,-0.340759,-0.113647,-0.888306
1443289875859967,-0.286438,-0.338257,-0.112671,-0.889343
1443289875880975,-0.286377,-0.335693,-0.111755,-0.890442
1443289875896986,-0.28656,-0.333008,-0.110718,-0.891541
1443289875920004,-0.286926,-0.330017,-0.109741,-0.892639
1443289875941016,-0.28717,-0.327087,-0.108704,-0.893799
1443289875957028,-0.287292,-0.32428,-0.107483,-0.894897
1443289875979043,-0.287842,-0.321228,-0.106262,-0.895996
1443289876001064,-0.28833,-0.318115,-0.105103,-0.897034
1443289876021074,-0.288513,-0.314941,-0.104126,-0.898254
1443289876039082,-0.288391,-0.311646,-0.103333,-0.899536
1443289876060097,-0.288086,-0.308533,-0.102539,-0.900757
1443289876082134,-0.288025,-0.305603,-0.101685,-0.901917
1443289876099121,-0.288147,-0.302795,-0.10083,-0.902893
1443289876122139,-0.287842,-0.300171,-0.100037,-0.903992
1443289876141150,-0.287415,-0.297668,-0.0994263,-0.904968
1443289876159163,-0.287109,-0.295532,-0.0985107,-0.905884
1443289876182177,-0.287292,-0.293579,-0.0973511,-0.906555
1443289876201189,-0.287903,-0.291565,-0.0961304,-0.907166
1443289876219203,-0.28833,-0.28949,-0.0949707,-0.907837
1443289876242217,-0.288513,-0.28717,-0.0941772,-0.908569
1443289876261230,-0.288574,-0.284851,-0.0936279,-0.909363
1443289876279243,-0.288696,-0.282654,-0.0930786,-0.910034
1443289876302258,-0.288818,-0.28064,-0.0926514,-0.910706
1443289876321271,-0.288879,-0.278992,-0.0922241,-0.911194
1443289876339282,-0.288879,-0.277771,-0.09198,-0.911621
1443289876362297,-0.288574,-0.276794,-0.0918579,-0.911987
1443289876381312,-0.288208,-0.276245,-0.0917358,-0.912292
1443289876399321,-0.288147,-0.276245,-0.0917358,-0.912292
1443289876422340,-0.288025,-0.276428,-0.0915527,-0.912354
1443289876441350,-0.287781,-0.276794,-0.0914917,-0.912292
1443289876459363,-0.287598,-0.2771,-0.0914917,-0.912231
1443289876482379,-0.287415,-0.277466,-0.0916138,-0.912231
1443289876501392,-0.287109,-0.27771,-0.0917969,-0.912231
1443289876519402,-0.287048,-0.27771,-0.0917969,-0.912231
1443289876546426,-0.287048,-0.277771,-0.0917969,-0.912231
1443289876561430,-0.287109,-0.277771,-0.0917358,-0.91217
1443289876580444,-0.286987,-0.27771,-0.092041,-0.912231
1443289876601457,-0.286682,-0.277527,-0.0921631,-0.912354
1443289876622471,-0.286621,-0.277405,-0.0922241,-0.912415
1443289876638483,-0.286621,-0.277405,-0.0922241,-0.912415
1443289876661497,-0.286621,-0.277466,-0.0921631,-0.912415
1443289876682518,-0.28656,-0.277466,-0.0921631,-0.912415
1443289876698524,-0.28656,-0.277527,-0.0921631,-0.912415
1443289876721538,-0.28656,-0.277527,-0.0921631,-0.912415
1443289876742557,-0.286804,-0.277649,-0.092041,-0.912292
1443289876758561,-0.287231,-0.277832,-0.0918579,-0.912109
1443289876781576,-0.287903,-0.278198,-0.0917358,-0.911804
1443289876802592,-0.288574,-0.279053,-0.0916748,-0.911377
1443289876818605,-0.288696,-0.279602,-0.0916748,-0.911133
1443289876841621,-0.288879,-0.279907,-0.0921021,-0.91095
1443289876862631,-0.289673,-0.280273,-0.0921631,-0.910583
1443289876878642,-0.290222,-0.280884,-0.0918579,-0.910278
1443289876901656,-0.289856,-0.281189,-0.0921021,-0.910217
1443289876922671,-0.288513,-0.281128,-0.0926514,-0.910645
1443289876938682,-0.287415,-0.281555,-0.0925293,-0.910889
1443289876960699,-0.287476,-0.282166,-0.0921021,-0.910706
1443289876982711,-0.287537,-0.282288,-0.0917358,-0.910645
1443289876998721,-0.287292,-0.282043,-0.0912476,-0.910889
1443289877021737,-0.286926,-0.281555,-0.0905762,-0.911194
1443289877043754,-0.286743,-0.280762,-0.0897217,-0.91156
1443289877058762,-0.286499,-0.279968,-0.0887451,-0.911987
1443289877080778,-0.286316,-0.279053,-0.0875854,-0.912476
1443289877104793,-0.285767,-0.278015,-0.0866089,-0.913025
1443289877117803,-0.284851,-0.276978,-0.0857544,-0.913696
1443289877140824,-0.283386,-0.276062,-0.085022,-0.914551
1443289877163833,-0.282349,-0.275574,-0.0841675,-0.9151
1443289877177842,-0.281616,-0.275513,-0.0830688,-0.915405
1443289877201003,-0.280396,-0.275635,-0.0823364,-0.915833
1443289877223872,-0.278687,-0.276428,-0.0819702,-0.916138
1443289877237882,-0.276855,-0.2771,-0.0814209,-0.916504
1443289877261023,-0.275513,-0.277527,-0.0807495,-0.91687
1443289877283913,-0.274963,-0.277954,-0.0803223,-0.916931
1443289877297939,-0.274536,-0.27832,-0.0806885,-0.916931
1443289877320937,-0.274414,-0.278564,-0.0813599,-0.916809
1443289877343952,-0.274536,-0.27887,-0.0819702,-0.916626
1443289877364974,-0.275146,-0.279053,-0.0823364,-0.916382
1443289877381002,-0.275635,-0.279419,-0.0828247,-0.916077
1443289877404018,-0.276245,-0.279968,-0.0831299,-0.91571
1443289877418001,-0.276794,-0.280701,-0.0830688,-0.915283
1443289877441017,-0.277161,-0.281616,-0.0829468,-0.914917
1443289877464034,-0.277161,-0.282593,-0.0825806,-0.914673
1443289877485051,-0.276917,-0.283691,-0.0820923,-0.914429
1443289877501058,-0.276306,-0.284668,-0.081604,-0.914368
1443289877524072,-0.275391,-0.285339,-0.0811157,-0.91449
1443289877545086,-0.274719,-0.285889,-0.0805664,-0.914551
1443289877561098,-0.274475,-0.286133,-0.0800781,-0.914612
1443289877584114,-0.274231,-0.28595,-0.0800171,-0.914734
