timestamp,roll,pitch,yaw
1443289855263105,0.675503,0.513769,0.119509
1443289855285121,0.675473,0.513366,0.119995
1443289855300129,0.675431,0.513238,0.119944
1443289855323145,0.675389,0.513109,0.119893
1443289855345160,0.675571,0.513071,0.120055
1443289855360170,0.675529,0.512942,0.120004
1443289855389191,0.675683,0.512946,0.12004
1443289855405201,0.675325,0.513056,0.120106
1443289855419209,0.675437,0.512932,0.12009
1443289855443225,0.675544,0.513066,0.12045
1443289855465240,0.675502,0.512938,0.120398
1443289855479249,0.675502,0.512938,0.120398
1443289855503266,0.675614,0.512814,0.120383
1443289855525281,0.675642,0.512771,0.12051
1443289855539406,0.675753,0.512647,0.120494
1443289855562305,0.675773,0.512512,0.120566
1443289855585321,0.675564,0.512546,0.120798
1443289855599329,0.675439,0.512838,0.121132
1443289855622344,0.675532,0.513187,0.12129
1443289855645361,0.67585,0.513625,0.121662
1443289855666375,0.675747,0.513842,0.121732
1443289855682542,0.675144,0.513937,0.121848
1443289855705400,0.67469,0.513958,0.122131
1443289855726415,0.674676,0.513786,0.122206
1443289855742535,0.675063,0.513972,0.122511
1443289855765439,0.675436,0.513987,0.122892
1443289855786453,0.675424,0.514154,0.123211
1443289855802471,0.675265,0.51435,0.123886
1443289855825481,0.675137,0.514563,0.124351
1443289855846495,0.675057,0.514984,0.124738
1443289855862507,0.675179,0.51529,0.125023
1443289855885522,0.675125,0.515329,0.125291
1443289855906536,0.674868,0.515483,0.125661
1443289855922546,0.674564,0.515815,0.125834
1443289855945564,0.674578,0.515986,0.125759
1443289855966575,0.674578,0.515986,0.125759
1443289855982584,0.674404,0.515673,0.126264
1443289856005602,0.673979,0.515653,0.126673
1443289856026619,0.673979,0.515653,0.126673
1443289856042626,0.674834,0.515217,0.127174
1443289856065641,0.674834,0.515217,0.127174
1443289856086654,0.675574,0.514508,0.127781
1443289856102667,0.675531,0.514379,0.12773
1443289856125682,0.675713,0.51434,0.127892
1443289856147698,0.675824,0.514216,0.127877
1443289856162706,0.675824,0.514216,0.127877
1443289856185721,0.676297,0.514272,0.128562
1443289856207735,0.675983,0.514772,0.129055
1443289856223747,0.676264,0.515036,0.129898
1443289856245763,0.676848,0.515227,0.130944
1443289856267776,0.676717,0.515688,0.131601
1443289856281785,0.67726,0.516136,0.13232
1443289856305802,0.677899,0.516287,0.133098
1443289856327815,0.678471,0.516432,0.133567
1443289856341826,0.678557,0.516564,0.134323
1443289856364842,0.678759,0.51665,0.134934
1443289856387856,0.678552,0.516686,0.135166
1443289856401865,0.678317,0.516765,0.135272
1443289856424880,0.678471,0.516768,0.135308
1443289856447895,0.678072,0.516753,0.135322
1443289856461906,0.677993,0.51653,0.13561
1443289856484920,0.677747,0.516132,0.135935
1443289856507936,0.677775,0.516089,0.136061
1443289856522031,0.677423,0.515897,0.136273
1443289856544960,0.677481,0.515811,0.136526
1443289856567976,0.678408,0.515842,0.136929
1443289856581986,0.678485,0.51568,0.136916
1443289856605007,0.678492,0.515329,0.137583
1443289856628016,0.678745,0.51499,0.138199
1443289856649032,0.678735,0.514898,0.138143
1443289856665041,0.67884,0.514694,0.138257
1443289856688056,0.678993,0.514697,0.138293
1443289856709070,0.679126,0.514391,0.138869
1443289856725082,0.679112,0.51448,0.13932
1443289856748097,0.679068,0.514352,0.139267
1443289856769109,0.679049,0.514428,0.139533
1443289856785121,0.678871,0.514423,0.139892
1443289856808136,0.678894,0.514243,0.140484
1443289856829150,0.67898,0.514115,0.140863
1443289856845161,0.679091,0.51425,0.141224
1443289856868177,0.679357,0.514388,0.141621
1443289856889194,0.679684,0.514519,0.142141
1443289856905201,0.67964,0.514391,0.142089
1443289856928216,0.67964,0.514391,0.142089
1443289856949229,0.67959,0.514125,0.142502
1443289856965244,0.679248,0.514026,0.142769
1443289856987255,0.67903,0.514277,0.142802
1443289857009270,0.679048,0.514709,0.143105
1443289857025282,0.679235,0.515314,0.143372
1443289857048296,0.679074,0.51548,0.143657
1443289857070312,0.678759,0.515644,0.143906
1443289857084320,0.678869,0.515518,0.143889
1443289857108336,0.678897,0.515476,0.144016
1443289857130351,0.678897,0.515476,0.144016
1443289857145360,0.679007,0.51535,0.143999
1443289857167381,0.679007,0.51535,0.143999
1443289857190390,0.678991,0.515179,0.144073
1443289857205401,0.678991,0.515179,0.144073
1443289857227420,0.678941,0.514914,0.144486
1443289857250431,0.679274,0.514492,0.144959
1443289857264440,0.679303,0.514449,0.145085
1443289857287460,0.67962,0.513856,0.145631
1443289857311473,0.679917,0.513646,0.146299
1443289857324527,0.680026,0.51352,0.146282
1443289857347498,0.680265,0.513394,0.146697
1443289857370514,0.680504,0.513269,0.147112
1443289857384522,0.680435,0.513444,0.14731
1443289857407540,0.680387,0.513564,0.147451
1443289857430552,0.68,0.513642,0.147521
1443289857444561,0.680154,0.513644,0.147557
1443289857467577,0.680131,0.513643,0.147952
1443289857490594,0.679805,0.513715,0.148146
1443289857504607,0.679906,0.514064,0.148307
1443289857527647,0.680201,0.514158,0.148831
1443289857550631,0.68057,0.514338,0.149534
1443289857571645,0.680454,0.514633,0.149873
1443289857587656,0.680568,0.514768,0.150234
1443289857610671,0.680715,0.51494,0.150593
1443289857631703,0.680583,0.515369,0.150861
1443289857647697,0.68014,0.515228,0.150822
1443289857670711,0.679678,0.515471,0.150907
1443289857691726,0.67934,0.515758,0.150901
1443289857707736,0.679123,0.51601,0.150934
1443289857730753,0.679453,0.516198,0.151118
1443289857751768,0.679469,0.516369,0.151045
1443289857767776,0.679224,0.516359,0.151096
1443289857790792,0.678868,0.516091,0.151436
1443289857811807,0.678753,0.516387,0.151775
1443289857827816,0.678993,0.516566,0.152047
1443289857850832,0.679107,0.516701,0.152408
1443289857871846,0.679587,0.516755,0.153096
1443289857887857,0.679594,0.516712,0.153618
1443289857910872,0.679618,0.516534,0.154211
1443289857931888,0.67961,0.51632,0.154806
1443289857947898,0.679552,0.5161,0.154697
1443289857970911,0.679821,0.515932,0.155239
1443289857991925,0.679987,0.516025,0.155331
1443289858007936,0.679481,0.516141,0.155362
1443289858029951,0.678964,0.51561,0.155287
1443289858052966,0.677906,0.515281,0.154595
1443289858067976,0.677564,0.515058,0.154018
1443289858090148,0.677188,0.515047,0.153637
1443289858113007,0.676163,0.51549,0.153499
1443289858128018,0.675285,0.516411,0.153576
1443289858150032,0.674041,0.517718,0.153179
1443289858173046,0.672983,0.519064,0.152816
1443289858187057,0.672729,0.52014,0.152754
1443289858210144,0.672263,0.52086,0.153013
1443289858233087,0.671709,0.521403,0.153038
1443289858247095,0.671137,0.521696,0.153265
1443289858270111,0.671125,0.521604,0.15321
1443289858293128,0.67108,0.521475,0.153157
1443289858307137,0.671275,0.521527,0.153376
1443289858330151,0.672001,0.521591,0.154015
1443289858353167,0.671981,0.521592,0.154412
1443289858374180,0.672134,0.521594,0.154449
1443289858390191,0.672089,0.521465,0.154396
1443289858413206,0.672077,0.521374,0.15434
1443289858427217,0.672175,0.5206,0.154221
1443289858450232,0.671889,0.519602,0.154315
1443289858473246,0.672055,0.519391,0.154552
1443289858487256,0.672043,0.5193,0.154497
1443289858510280,0.672861,0.518762,0.155338
1443289858533287,0.673811,0.518531,0.156466
1443289858554301,0.674712,0.518342,0.157863
1443289858570313,0.676176,0.51795,0.159483
1443289858593328,0.677689,0.517211,0.160976
1443289858614341,0.679719,0.51614,0.162635
1443289858630353,0.682797,0.515348,0.165902
1443289858653368,0.683392,0.51411,0.169612
1443289858674383,0.681831,0.512443,0.172132
1443289858690392,0.681908,0.510851,0.172883
1443289858713410,0.68787,0.510194,0.174103
1443289858733422,0.692436,0.511618,0.175172
1443289858750434,0.6909,0.512314,0.176318
1443289858772449,0.687495,0.512637,0.177718
1443289858795462,0.685486,0.514241,0.178543
1443289858810471,0.685684,0.515837,0.178665
1443289858833488,0.687506,0.517551,0.17839
1443289858854509,0.689036,0.51917,0.178908
1443289858870514,0.688999,0.520334,0.179876
1443289858892528,0.688503,0.521536,0.181525
1443289858921546,0.688284,0.522702,0.183251
1443289858930551,0.688681,0.5237,0.184803
1443289858952571,0.689609,0.524318,0.187046
1443289858975583,0.691023,0.525332,0.189322
1443289858990592,0.692264,0.525958,0.192227
1443289859012763,0.692837,0.526487,0.195539
1443289859035621,0.693252,0.527232,0.198618
1443289859050631,0.695024,0.528594,0.201826
1443289859073650,0.697352,0.530565,0.205591
1443289859095664,0.698931,0.532875,0.209651
1443289859109671,0.70001,0.535532,0.213958
1443289859132687,0.701467,0.538756,0.218613
1443289859155704,0.703473,0.542247,0.223983
1443289859169714,0.705735,0.545651,0.229671
1443289859192727,0.70885,0.549354,0.235639
1443289859215744,0.712535,0.553091,0.241951
1443289859236757,0.716257,0.557171,0.248446
1443289859252767,0.719837,0.560772,0.255537
1443289859275785,0.724161,0.56409,0.262935
1443289859296798,0.728855,0.567303,0.270584
1443289859312806,0.733764,0.570497,0.278317
1443289859335822,0.738895,0.573805,0.286481
1443289859356836,0.74473,0.576901,0.295523
1443289859378852,0.750333,0.580206,0.304753
1443289859402868,0.756207,0.584141,0.313721
1443289859423881,0.763084,0.588234,0.322897
1443289859432889,0.769736,0.591962,0.332298
1443289859455903,0.774608,0.595667,0.341917
1443289859476924,0.779612,0.599761,0.351367
1443289859493929,0.785356,0.604056,0.36032
1443289859514943,0.791126,0.608921,0.369025
1443289859543962,0.795945,0.613972,0.37778
1443289859552967,0.799832,0.619301,0.386239
1443289859575985,0.803841,0.625082,0.394425
1443289859596997,0.808392,0.631186,0.40248
1443289859613007,0.813001,0.63751,0.410315
1443289859635025,0.817945,0.643904,0.418373
1443289859657037,0.822564,0.650381,0.426387
1443289859673047,0.826473,0.656552,0.434457
1443289859695066,0.830811,0.662206,0.442466
1443289859717082,0.835767,0.667982,0.450025
1443289859733089,0.841243,0.673152,0.457853
1443289859755103,0.846592,0.678106,0.466697
1443289859776117,0.850582,0.68298,0.476495
1443289859793128,0.854179,0.687708,0.48631
1443289859815142,0.859093,0.692406,0.496101
1443289859844169,0.865086,0.697105,0.505609
1443289859852167,0.871599,0.701332,0.515567
1443289859875185,0.87696,0.705045,0.525186
1443289859898201,0.881148,0.708308,0.534396
1443289859912207,0.887183,0.711601,0.543463
1443289859935223,0.892876,0.714019,0.551592
1443289859958238,0.898001,0.71657,0.55894
1443289859972249,0.902409,0.718784,0.565347
1443289859995272,0.906884,0.721239,0.571331
1443289860018280,0.910839,0.72344,0.577004
1443289860033288,0.913376,0.725242,0.582174
1443289860055302,0.914934,0.727098,0.586747
1443289860078319,0.91647,0.728525,0.590785
1443289860092330,0.918105,0.730204,0.594471
1443289860115342,0.920161,0.731935,0.59808
1443289860138362,0.92262,0.733527,0.60172
1443289860152485,0.92475,0.735101,0.605294
1443289860175497,0.926787,0.736564,0.609623
1443289860197517,0.928897,0.737855,0.614219
1443289860212522,0.931055,0.739342,0.619541
1443289860235539,0.93357,0.741251,0.624573
1443289860258553,0.937266,0.743285,0.630037
1443289860272563,0.941253,0.745303,0.636055
1443289860295578,0.944645,0.747309,0.642542
1443289860317593,0.947542,0.749068,0.649373
1443289860332604,0.950683,0.751478,0.656286
1443289860355619,0.954737,0.754291,0.663089
1443289860377637,0.959572,0.757014,0.670282
1443289860393645,0.963758,0.759514,0.676707
1443289860415660,0.967364,0.761459,0.682524
1443289860437673,0.971266,0.763302,0.688148
1443289860458687,0.975027,0.764747,0.693046
1443289860475698,0.978669,0.765991,0.69818
1443289860497733,0.981381,0.767404,0.703541
1443289860518727,0.983669,0.769192,0.708855
1443289860535740,0.985848,0.771196,0.714192
1443289860557762,0.9885,0.77319,0.719603
1443289860578768,0.991799,0.775506,0.725294
1443289860596781,0.995889,0.778041,0.73132
1443289860617793,0.999446,0.7802,0.737259
1443289860638808,1.00233,0.782166,0.742907
1443289860655820,1.0058,0.783659,0.748515
1443289860677833,1.00877,0.785101,0.753745
1443289860698853,1.01196,0.786615,0.758512
1443289860715859,1.01579,0.787628,0.763339
1443289860737874,1.0188,0.788555,0.767806
1443289860758888,1.02099,0.789057,0.772285
1443289860775899,1.02309,0.789941,0.77705
1443289860797914,1.02509,0.790679,0.781452
1443289860818928,1.02809,0.79204,0.786671
1443289860835940,1.03132,0.793399,0.791961
1443289860857955,1.035,0.794703,0.797105
1443289860886973,1.0388,0.795778,0.802081
1443289860895979,1.04217,0.79666,0.807285
1443289860917995,1.0442,0.797305,0.811978
1443289860941008,1.04667,0.798272,0.816358
1443289860955019,1.05021,0.798935,0.820774
1443289860978035,1.05266,0.799655,0.824487
1443289861001050,1.05499,0.800708,0.828069
1443289861015058,1.05727,0.801253,0.831419
1443289861038075,1.05972,0.802241,0.83493
1443289861060250,1.06214,0.802972,0.838329
1443289861075104,1.06439,0.803865,0.841563
1443289861098115,1.06674,0.804241,0.844766
1443289861120129,1.06846,0.80451,0.847987
1443289861135139,1.06939,0.805134,0.850825
1443289861158157,1.0708,0.805798,0.853579
1443289861188176,1.07248,0.806391,0.855655
1443289861195178,1.07463,0.806945,0.857555
1443289861219197,1.07651,0.807084,0.859163
1443289861240209,1.07726,0.80732,0.860194
1443289861255219,1.07723,0.807193,0.86053
1443289861278236,1.07721,0.807104,0.860513
1443289861300384,1.07719,0.806691,0.860201
1443289861315258,1.07662,0.806519,0.859245
1443289861338273,1.07545,0.805572,0.857567
1443289861360291,1.07472,0.80452,0.855843
1443289861381306,1.07325,0.80338,0.853859
1443289861398314,1.07092,0.80241,0.851385
1443289861420331,1.06822,0.801207,0.848459
1443289861443345,1.06644,0.800312,0.846061
1443289861458355,1.06466,0.799288,0.84321
1443289861480375,1.06268,0.798644,0.840169
1443289861501383,1.06048,0.798045,0.836725
1443289861518394,1.05847,0.797281,0.833461
1443289861540408,1.05582,0.796135,0.829815
1443289861561423,1.05258,0.795336,0.826069
1443289861578438,1.04972,0.79464,0.822329
1443289861600448,1.04704,0.793613,0.818672
1443289861621464,1.04404,0.792934,0.814894
1443289861638475,1.04126,0.792011,0.811216
1443289861660488,1.03871,0.791413,0.807797
1443289861681505,1.03657,0.790663,0.804767
1443289861698514,1.03448,0.790068,0.801619
1443289861720528,1.03251,0.789498,0.798404
1443289861741543,1.0306,0.788711,0.795231
1443289861757553,1.02817,0.787805,0.791805
1443289861780571,1.02556,0.78594,0.787984
1443289861801582,1.02214,0.784261,0.783354
1443289861818595,1.01938,0.78253,0.778625
1443289861840611,1.01583,0.780394,0.773364
1443289861862628,1.01222,0.778146,0.768133
1443289861878635,1.00854,0.775703,0.762919
1443289861900648,1.00436,0.773458,0.757671
1443289861922664,0.999966,0.77149,0.752221
1443289861937674,0.99601,0.769417,0.746829
1443289861960688,0.992543,0.767241,0.741272
1443289861982706,0.989617,0.765176,0.736539
1443289861997713,0.986488,0.762985,0.73158
1443289862020729,0.983426,0.760504,0.726684
1443289862043745,0.979908,0.758177,0.721329
1443289862057757,0.976723,0.755693,0.71591
1443289862080770,0.973716,0.752698,0.710945
1443289862102784,0.970022,0.750016,0.706324
1443289862117793,0.965852,0.747728,0.701169
1443289862140810,0.962331,0.745882,0.695926
1443289862162825,0.959729,0.743937,0.69055
1443289862177834,0.956768,0.741488,0.684967
1443289862200850,0.953203,0.739064,0.679544
1443289862222863,0.94935,0.736764,0.674789
1443289862237876,0.944971,0.7351,0.67031
1443289862260890,0.940831,0.733753,0.665977
1443289862282905,0.937509,0.732555,0.661626
1443289862296914,0.934882,0.731765,0.657054
1443289862321939,0.933026,0.730925,0.652644
1443289862343945,0.930547,0.729592,0.648564
1443289862371965,0.927721,0.728004,0.64488
1443289862380969,0.92436,0.726365,0.640749
1443289862402985,0.920951,0.724671,0.635989
1443289862423998,0.918422,0.722664,0.63123
1443289862442012,0.916218,0.720523,0.626093
1443289862463025,0.9136,0.71762,0.620795
1443289862484040,0.910071,0.714629,0.614862
1443289862501051,0.906262,0.711234,0.608986
1443289862523067,0.901988,0.707452,0.602444
1443289862544086,0.89773,0.703722,0.595517
1443289862561090,0.893923,0.699582,0.588628
1443289862584105,0.889511,0.695223,0.58178
1443289862604119,0.88453,0.690871,0.574831
1443289862620131,0.879463,0.686624,0.568388
1443289862643147,0.873749,0.682897,0.562405
1443289862664178,0.869246,0.679829,0.556804
1443289862681170,0.865234,0.676816,0.550919
1443289862703186,0.862248,0.673819,0.54565
1443289862724200,0.858925,0.671321,0.540982
1443289862740212,0.855993,0.6694,0.536917
1443289862763225,0.853471,0.667579,0.533008
1443289862785389,0.851151,0.666127,0.529497
1443289862800250,0.849286,0.664239,0.526122
1443289862823264,0.847527,0.661931,0.522708
1443289862845279,0.845609,0.659083,0.519404
1443289862860289,0.843125,0.656185,0.516101
1443289862883305,0.840503,0.653077,0.512636
1443289862905321,0.838499,0.650244,0.50934
1443289862920330,0.836549,0.64747,0.506075
1443289862943344,0.834583,0.644965,0.502826
1443289862965359,0.832637,0.64246,0.499594
1443289862980389,0.830644,0.63972,0.496109
1443289863003392,0.829068,0.637032,0.492532
1443289863025399,0.82756,0.634197,0.489219
1443289863039410,0.825181,0.631489,0.486003
1443289863063425,0.822996,0.62911,0.482927
1443289863085438,0.82068,0.627067,0.479532
1443289863106454,0.81882,0.624773,0.476102
1443289863130484,0.817655,0.622451,0.472659
1443289863151483,0.815992,0.620199,0.469606
1443289863159493,0.813421,0.617953,0.46634
1443289863183504,0.811052,0.615984,0.462617
1443289863205522,0.809701,0.613979,0.458325
1443289863220530,0.808786,0.611656,0.453637
1443289863243545,0.807211,0.608739,0.448811
1443289863265559,0.80499,0.60518,0.444269
1443289863288578,0.801738,0.601956,0.439912
1443289863303587,0.798332,0.598742,0.43582
1443289863333607,0.795819,0.595503,0.432186
1443289863346615,0.793706,0.592445,0.428683
1443289863363626,0.791234,0.589593,0.424735
1443289863385642,0.789498,0.586813,0.42154
1443289863406654,0.787755,0.583742,0.418883
1443289863422665,0.785521,0.580895,0.416153
1443289863445680,0.783354,0.577857,0.413394
1443289863466695,0.781478,0.575112,0.410726
1443289863483709,0.77955,0.572633,0.408048
1443289863505719,0.777409,0.570034,0.405261
1443289863526737,0.775904,0.567787,0.402714
1443289863542752,0.774733,0.565862,0.400027
1443289863566760,0.773501,0.563807,0.397271
1443289863587775,0.772116,0.56133,0.394836
1443289863610790,0.770483,0.559412,0.39268
1443289863632805,0.768687,0.5578,0.390241
1443289863653820,0.767783,0.556563,0.387984
1443289863663825,0.766495,0.555485,0.385679
1443289863685839,0.76515,0.553883,0.383259
1443289863706855,0.76331,0.552101,0.380715
1443289863723869,0.76182,0.550165,0.378508
1443289863745880,0.759997,0.548165,0.37616
1443289863768896,0.75844,0.546151,0.37418
1443289863782905,0.756977,0.543999,0.372176
1443289863805920,0.755325,0.542292,0.370053
1443289863827981,0.754243,0.540768,0.368195
1443289863842945,0.753538,0.539265,0.366612
1443289863865960,0.752109,0.53794,0.36472
1443289863887974,0.750444,0.536547,0.363004
1443289863901985,0.749115,0.53521,0.361028
1443289863926000,0.748349,0.533971,0.359427
1443289863956020,0.747248,0.532752,0.35757
1443289863962025,0.746553,0.531513,0.35611
1443289864001050,0.744959,0.53055,0.354638
1443289864008055,0.74376,0.529516,0.353102
1443289864023070,0.742864,0.528498,0.351294
1443289864046081,0.742066,0.527565,0.349684
1443289864068095,0.74067,0.526632,0.348272
1443289864082106,0.739372,0.525783,0.347057
1443289864105120,0.738197,0.52501,0.34581
1443289864128134,0.737239,0.524355,0.344673
1443289864142146,0.736409,0.52387,0.343792
1443289864165160,0.73549,0.523309,0.343124
1443289864188175,0.734301,0.522807,0.342387
1443289864202224,0.733776,0.522304,0.341587
1443289864225205,0.733585,0.521997,0.34086
1443289864248219,0.73276,0.521594,0.339865
1443289864277239,0.732055,0.520929,0.339086
1443289864286245,0.73096,0.520417,0.338258
1443289864309257,0.730139,0.519802,0.337451
1443289864329270,0.729346,0.519051,0.336482
1443289864345281,0.728915,0.518401,0.335255
1443289864368295,0.728455,0.517709,0.33402
1443289864389311,0.727605,0.516776,0.332533
1443289864405321,0.726277,0.515349,0.330839
1443289864428335,0.725706,0.513926,0.329392
1443289864449350,0.725049,0.512712,0.327454
1443289864465481,0.724067,0.511133,0.325687
1443289864488375,0.722938,0.509784,0.324105
1443289864509390,0.722142,0.508806,0.322759
1443289864525402,0.721556,0.507984,0.321166
1443289864549417,0.721001,0.507331,0.319513
1443289864576435,0.720391,0.506341,0.317983
1443289864585441,0.719582,0.504974,0.31649
1443289864608456,0.718812,0.503345,0.314909
1443289864629471,0.718048,0.501717,0.313331
1443289864645481,0.717316,0.500257,0.311696
1443289864668495,0.716608,0.499104,0.310335
1443289864690509,0.716284,0.498068,0.309288
1443289864705525,0.715988,0.497081,0.308652
1443289864728536,0.715133,0.495944,0.307661
1443289864750550,0.71469,0.494965,0.306989
1443289864765560,0.714598,0.494146,0.306504
1443289864788575,0.714645,0.493957,0.305896
1443289864810591,0.714449,0.4937,0.305465
1443289864824600,0.713997,0.493068,0.304941
1443289864848616,0.713997,0.493068,0.304941
1443289864870630,0.713838,0.492761,0.304234
1443289864884640,0.71421,0.492645,0.303756
1443289864908657,0.714916,0.492385,0.303193
1443289864930672,0.714952,0.492335,0.302917
1443289864944680,0.714304,0.492189,0.302659
1443289864968697,0.714028,0.492581,0.302337
1443289864990710,0.71406,0.49295,0.301687
1443289865004844,0.714348,0.493404,0.301435
1443289865027739,0.713659,0.493726,0.301078
1443289865050754,0.712902,0.494061,0.30099
1443289865064759,0.712902,0.494061,0.30099
1443289865087776,0.712902,0.494061,0.30099
1443289865110791,0.713081,0.494012,0.301151
1443289865124801,0.712732,0.493561,0.301272
1443289865147818,0.713093,0.493254,0.301782
1443289865170831,0.713122,0.493212,0.301907
1443289865191847,0.713272,0.492915,0.302249
1443289865207856,0.713035,0.492717,0.302495
1443289865230871,0.713035,0.492717,0.302495
1443289865251884,0.713035,0.492717,0.302495
1443289865267899,0.713158,0.492542,0.302594
1443289865290912,0.713158,0.492542,0.302594
1443289865311925,0.712998,0.491824,0.302663
1443289865327937,0.712507,0.491332,0.302699
1443289865350953,0.712046,0.490838,0.302508
1443289865371966,0.711681,0.490291,0.302174
1443289865387978,0.711315,0.489953,0.301653
1443289865410996,0.711065,0.489779,0.300974
1443289865432010,0.710666,0.489612,0.300259
1443289865448016,0.709999,0.489497,0.299478
1443289865471032,0.709093,0.489393,0.298757
1443289865492047,0.708162,0.489121,0.298099
1443289865508055,0.70726,0.488807,0.297566
1443289865531084,0.707056,0.488688,0.297468
1443289865552090,0.707234,0.48864,0.297629
1443289865568099,0.707211,0.488552,0.297574
1443289865591112,0.706972,0.488275,0.29794
1443289865613125,0.706455,0.488269,0.298451
1443289865628137,0.706315,0.488463,0.299152
1443289865651152,0.706414,0.488646,0.299794
1443289865673167,0.706634,0.488863,0.300347
1443289865688177,0.70676,0.489214,0.300926
1443289865711193,0.707065,0.489516,0.301666
1443289865733206,0.706982,0.489549,0.302735
1443289865748215,0.70676,0.489332,0.303909
1443289865770230,0.706418,0.48941,0.304512
1443289865793245,0.706238,0.48934,0.304822
1443289865807256,0.706727,0.489503,0.305441
1443289865830273,0.706071,0.489827,0.306586
1443289865853286,0.704407,0.490077,0.307908
1443289865867295,0.702399,0.490209,0.308694
1443289865890311,0.702296,0.490563,0.308933
1443289865913327,0.70403,0.490956,0.309482
1443289865928336,0.706308,0.490903,0.310422
1443289865950351,0.706064,0.49064,0.311188
1443289865973369,0.705432,0.490283,0.31245
1443289865987375,0.705157,0.489866,0.31368
1443289866010393,0.705599,0.489566,0.314496
1443289866033408,0.706438,0.48977,0.315771
1443289866047416,0.7067,0.489402,0.316897
1443289866070432,0.707022,0.489069,0.317801
1443289866093447,0.706348,0.488357,0.318385
1443289866114460,0.705525,0.487941,0.318628
1443289866131472,0.705408,0.487378,0.319565
1443289866153486,0.70573,0.487045,0.320468
1443289866174500,0.706943,0.486698,0.321234
1443289866190512,0.708146,0.486698,0.322144
1443289866213534,0.708695,0.486661,0.323486
1443289866234579,0.708444,0.486542,0.324584
1443289866250552,0.708959,0.486882,0.325545
1443289866273567,0.710282,0.48712,0.32618
1443289866294583,0.711642,0.487176,0.326608
1443289866310594,0.712406,0.487151,0.327364
1443289866334607,0.712992,0.487175,0.327958
1443289866354621,0.712964,0.487008,0.328019
1443289866370631,0.713113,0.486999,0.328056
1443289866393649,0.713178,0.486489,0.328276
1443289866414661,0.713274,0.48581,0.328691
1443289866430672,0.71233,0.485482,0.32855
1443289866453687,0.712508,0.485432,0.328711
1443289866474703,0.712451,0.485306,0.328647
1443289866490713,0.711926,0.484784,0.328677
1443289866513727,0.712415,0.483861,0.328852
1443289866534740,0.71307,0.483859,0.328774
1443289866550752,0.713639,0.483773,0.328508
1443289866572774,0.714707,0.483627,0.328646
1443289866595781,0.714862,0.483398,0.328467
1443289866610792,0.714805,0.483273,0.328403
1443289866632807,0.715617,0.482627,0.328517
1443289866655821,0.71634,0.481988,0.328729
1443289866670833,0.716134,0.481872,0.328629
1443289866693850,0.716226,0.481737,0.328602
1443289866715861,0.716347,0.481561,0.328699
1443289866729871,0.716347,0.481561,0.328699
1443289866752894,0.716496,0.481552,0.328735
1443289866775901,0.717408,0.481842,0.328866
1443289866789911,0.717694,0.4823,0.329015
1443289866812928,0.717765,0.482742,0.329752
1443289866835944,0.717865,0.483352,0.330428
1443289866849958,0.718239,0.483477,0.331137
1443289866872973,0.719001,0.483658,0.331705
1443289866895983,0.719707,0.483713,0.33221
1443289866909993,0.720468,0.483813,0.332895
1443289866933011,0.720662,0.484079,0.33373
1443289866956022,0.720852,0.484564,0.334783
1443289866970031,0.720539,0.48516,0.335478
1443289866994047,0.720284,0.485882,0.336237
1443289867016063,0.719529,0.486668,0.336591
1443289867030072,0.719191,0.487387,0.337046
1443289867053090,0.718679,0.487729,0.337307
1443289867076102,0.717962,0.487827,0.337536
1443289867097117,0.717425,0.487954,0.337811
1443289867113126,0.717094,0.488442,0.337644
1443289867136141,0.717267,0.489156,0.337583
1443289867157213,0.717083,0.489763,0.337384
1443289867173167,0.716604,0.490549,0.336879
1443289867196183,0.715708,0.491323,0.336388
1443289867217204,0.714782,0.491929,0.335957
1443289867233207,0.714155,0.492516,0.335599
1443289867255227,0.71418,0.492904,0.335756
1443289867277236,0.714295,0.493284,0.335815
1443289867293247,0.714855,0.493556,0.336102
1443289867316262,0.71506,0.493397,0.336909
1443289867337280,0.71503,0.492826,0.337745
1443289867353287,0.715384,0.492657,0.338589
1443289867376303,0.715947,0.492592,0.339131
1443289867397316,0.716601,0.492183,0.339831
1443289867413328,0.716656,0.492033,0.340601
1443289867435341,0.716655,0.491837,0.34119
1443289867457452,0.716683,0.491809,0.341719
1443289867473366,0.716801,0.491645,0.34222
1443289867495382,0.717063,0.491739,0.343023
1443289867525402,0.717297,0.491747,0.343769
1443289867533408,0.71777,0.491608,0.344525
1443289867555422,0.718182,0.491901,0.345179
1443289867578438,0.719097,0.492336,0.346057
1443289867593447,0.719598,0.492517,0.347492
1443289867615578,0.71909,0.492761,0.348632
1443289867638478,0.721108,0.492311,0.349882
1443289867653487,0.722265,0.492935,0.350516
1443289867675501,0.7217,0.494234,0.351003
1443289867698517,0.720511,0.494125,0.352868
1443289867712528,0.7187,0.494196,0.354749
1443289867735589,0.718614,0.494903,0.355149
1443289867758559,0.720368,0.495469,0.355529
1443289867772567,0.722063,0.49584,0.356365
1443289867795583,0.722572,0.49588,0.357469
1443289867818598,0.722098,0.495852,0.358112
1443289867832607,0.722159,0.495911,0.358699
1443289867855623,0.722696,0.496218,0.358865
1443289867878637,0.722936,0.49642,0.359026
1443289867892646,0.722936,0.49642,0.359026
1443289867915662,0.722936,0.49642,0.359026
1443289867938679,0.722937,0.496628,0.358841
1443289867952686,0.722579,0.496604,0.358584
1443289867975703,0.722579,0.496604,0.358584
1443289867998717,0.722579,0.496604,0.358584
1443289868019732,0.722518,0.496478,0.358518
1443289868035744,0.722548,0.496437,0.358643
1443289868058758,0.722668,0.496273,0.359145
1443289868079772,0.722729,0.496331,0.359733
1443289868095782,0.722704,0.496607,0.360234
1443289868118799,0.722735,0.496707,0.360696
1443289868123802,0.722977,0.496922,0.361263
1443289868145818,0.723337,0.496959,0.361926
1443289868161835,0.72316,0.497024,0.362168
1443289868183842,0.723309,0.497013,0.362206
1443289868205856,0.723278,0.496846,0.362265
1443289868228870,0.723278,0.496846,0.362265
1443289868243883,0.723128,0.496649,0.362411
1443289868265904,0.722921,0.496547,0.362713
1443289868280913,0.722595,0.496497,0.362988
1443289868303922,0.722655,0.496414,0.363239
1443289868325935,0.722509,0.496647,0.363423
1443289868340945,0.722303,0.496754,0.363541
1443289868363960,0.722188,0.496946,0.36385
1443289868385977,0.722011,0.497012,0.364094
1443289868400990,0.722011,0.497012,0.364094
1443289868424002,0.722011,0.497012,0.364094
1443289868446016,0.722099,0.496875,0.364064
1443289868461030,0.722101,0.496889,0.36447
1443289868484047,0.721894,0.496788,0.364772
1443289868506056,0.722107,0.496917,0.365282
1443289868521066,0.721603,0.496919,0.365394
1443289868544082,0.721785,0.497009,0.365895
1443289868566096,0.721968,0.497306,0.366211
1443289868581106,0.721906,0.49718,0.366144
1443289868604165,0.721639,0.497161,0.366194
1443289868626136,0.721639,0.497161,0.366194
1443289868643149,0.721463,0.497101,0.366507
1443289868664163,0.721463,0.497101,0.366507
1443289868686178,0.721349,0.497501,0.366633
1443289868701192,0.721205,0.497734,0.366817
1443289868724205,0.721297,0.497946,0.366941
1443289868746219,0.721476,0.497894,0.367104
1443289868764228,0.721476,0.497894,0.367104
1443289868783240,0.721414,0.497768,0.367037
1443289868806261,0.721414,0.497768,0.367037
1443289868821268,0.721383,0.497601,0.367096
1443289868844283,0.721444,0.497646,0.367278
1443289868866299,0.721478,0.497828,0.367626
1443289868882308,0.721369,0.498243,0.368158
1443289868903322,0.720958,0.498459,0.368394
1443289868926336,0.720875,0.498737,0.368761
1443289868942346,0.72112,0.498953,0.369329
1443289868963361,0.721304,0.499124,0.369715
1443289868986377,0.721576,0.499284,0.370002
1443289869010394,0.72155,0.499466,0.370214
1443289869023403,0.721374,0.499325,0.370642
1443289869046422,0.720931,0.499248,0.371006
1443289869068430,0.72087,0.499122,0.370938
1443289869083442,0.721049,0.49907,0.371102
1443289869106457,0.720987,0.498943,0.371034
1443289869128472,0.720929,0.498832,0.371374
1443289869143482,0.720431,0.49906,0.371709
1443289869166498,0.72032,0.499461,0.371835
1443289869188514,0.720294,0.499517,0.372117
1443289869203521,0.720294,0.499517,0.372117
1443289869226537,0.720232,0.499391,0.372049
1443289869248554,0.720174,0.49928,0.372389
1443289869263561,0.720113,0.499154,0.372322
1443289869286577,0.720113,0.499154,0.372322
1443289869308591,0.720327,0.499284,0.372834
1443289869323601,0.720301,0.49926,0.373231
1443289869346616,0.720102,0.499591,0.373572
1443289869368638,0.720189,0.499454,0.373542
1443289869383641,0.720219,0.499413,0.373668
1443289869406658,0.720157,0.499287,0.3736
1443289869428672,0.720306,0.499275,0.373638
1443289869443683,0.7201,0.499176,0.37394
1443289869466698,0.7201,0.499176,0.37394
1443289869488711,0.720187,0.499039,0.373911
1443289869503722,0.720074,0.499233,0.374222
1443289869525737,0.719752,0.499312,0.374428
1443289869548753,0.719937,0.499483,0.374815
1443289869563764,0.720389,0.499717,0.375197
1443289869585776,0.720483,0.499929,0.375321
1443289869608795,0.720483,0.499929,0.375321
1443289869623802,0.7206,0.49975,0.375417
1443289869646817,0.72063,0.499791,0.375428
1443289869668833,0.720568,0.499665,0.37536
1443289869683844,0.720424,0.499692,0.37573
1443289869706857,0.720429,0.499627,0.376253
1443289869728872,0.720411,0.499907,0.376758
1443289869743882,0.720331,0.500187,0.377127
1443289869766904,0.720479,0.500175,0.377164
1443289869788912,0.720479,0.500175,0.377164
1443289869803923,0.720569,0.499846,0.377726
1443289869825940,0.720569,0.499846,0.377726
1443289869848952,0.720507,0.49972,0.377659
1443289869863963,0.720655,0.499708,0.377696
1443289869885981,0.720543,0.499695,0.378192
1443289869908993,0.720337,0.499597,0.378495
1443289869925053,0.720337,0.499597,0.378495
1443289869946018,0.720368,0.499557,0.378621
1443289869969039,0.720461,0.499642,0.378814
1443289869984042,0.720882,0.499708,0.379255
1443289870006056,0.720594,0.500163,0.379219
1443289870029073,0.720664,0.500432,0.379626
1443289870045082,0.720265,0.501081,0.379902
1443289870066098,0.720101,0.501581,0.380186
1443289870089118,0.71996,0.501817,0.380373
1443289870105122,0.71996,0.501817,0.380373
1443289870126141,0.719928,0.50165,0.380431
1443289870149152,0.720077,0.501638,0.380469
1443289870171167,0.720077,0.501638,0.380469
1443289870186177,0.720014,0.501512,0.380401
1443289870209192,0.720014,0.501512,0.380401
1443289870225204,0.720568,0.500993,0.380501
1443289870246218,0.721608,0.500954,0.380811
1443289870269232,0.722743,0.501692,0.382432
1443289870285243,0.723578,0.502957,0.384712
1443289870306259,0.722547,0.50358,0.385996
1443289870329275,0.722393,0.503809,0.38699
1443289870345283,0.723787,0.503797,0.388778
1443289870366297,0.726529,0.504174,0.390635
1443289870390313,0.726889,0.504535,0.39186
1443289870406323,0.723934,0.504578,0.392256
1443289870426339,0.723749,0.504723,0.393195
1443289870448353,0.725447,0.504302,0.394256
1443289870471368,0.726839,0.504052,0.394603
1443289870486379,0.729028,0.503476,0.39521
1443289870508392,0.729714,0.502717,0.395118
1443289870531409,0.729852,0.501533,0.394921
1443289870546418,0.729808,0.500195,0.394743
1443289870568432,0.729597,0.499135,0.394628
1443289870591448,0.728723,0.498147,0.393657
1443289870606459,0.727854,0.497366,0.392505
1443289870628475,0.727749,0.496095,0.391671
1443289870660495,0.727795,0.494813,0.390876
1443289870666497,0.727894,0.49435,0.390291
1443289870688513,0.727579,0.493803,0.389835
1443289870711527,0.726914,0.493541,0.389233
1443289870726542,0.72657,0.493035,0.388652
1443289870748555,0.727035,0.492925,0.388074
1443289870771569,0.727183,0.492913,0.388111
1443289870786577,0.727471,0.492665,0.387961
1443289870808730,0.727547,0.492496,0.387114
1443289870831607,0.727717,0.492413,0.386462
1443289870846619,0.727746,0.492372,0.386587
1443289870868632,0.727746,0.492372,0.386587
1443289870891647,0.727746,0.492372,0.386587
1443289870907661,0.727717,0.492413,0.386462
1443289870928673,0.728221,0.492612,0.386165
1443289870951693,0.728221,0.492612,0.386165
1443289870967698,0.728221,0.492612,0.386165
1443289870988712,0.728221,0.492612,0.386165
1443289871011732,0.728221,0.492612,0.386165
1443289871027737,0.728307,0.492475,0.386134
1443289871048753,0.728158,0.492487,0.386097
1443289871071768,0.728158,0.492487,0.386097
1443289871087778,0.728158,0.492487,0.386097
1443289871108800,0.728307,0.492475,0.386134
1443289871131808,0.728337,0.492434,0.38626
1443289871147820,0.728337,0.492434,0.38626
1443289871168837,0.728337,0.492434,0.38626
1443289871191849,0.728337,0.492434,0.38626
1443289871209862,0.728274,0.492308,0.386191
1443289871228874,0.728274,0.492308,0.386191
1443289871250894,0.728274,0.492308,0.386191
1443289871267898,0.728274,0.492308,0.386191
1443289871288912,0.728337,0.492434,0.38626
1443289871311927,0.728274,0.492308,0.386191
1443289871328942,0.728753,0.492564,0.386177
1443289871348956,0.72913,0.492306,0.385927
1443289871372969,0.72913,0.492306,0.385927
1443289871388979,0.72913,0.492306,0.385927
1443289871408995,0.72913,0.492306,0.385927
1443289871431009,0.72913,0.492306,0.385927
1443289871449018,0.72913,0.492306,0.385927
1443289871469034,0.728776,0.492301,0.386078
1443289871491047,0.728776,0.492301,0.386078
1443289871509059,0.728776,0.492301,0.386078
1443289871529075,0.728776,0.492301,0.386078
1443289871551087,0.728924,0.492288,0.386115
1443289871569101,0.728415,0.492073,0.386004
1443289871589113,0.728415,0.492073,0.386004
1443289871611128,0.728415,0.492073,0.386004
1443289871629139,0.728353,0.491948,0.385936
1443289871649153,0.728415,0.492073,0.386004
1443289871671167,0.728353,0.491948,0.385936
1443289871689179,0.728415,0.492073,0.386004
1443289871709195,0.728415,0.492073,0.386004
1443289871731209,0.728563,0.492061,0.386041
1443289871749220,0.728563,0.492061,0.386041
1443289871769235,0.728563,0.492061,0.386041
1443289871791247,0.728563,0.492061,0.386041
1443289871814267,0.728563,0.492061,0.386041
1443289871829273,0.728501,0.491936,0.385973
1443289871851289,0.728501,0.491936,0.385973
1443289871874305,0.728501,0.491936,0.385973
1443289871888312,0.728501,0.491936,0.385973
1443289871911329,0.728501,0.491936,0.385973
1443289871933343,0.728501,0.491936,0.385973
1443289871950354,0.728501,0.491936,0.385973
1443289871971367,0.728563,0.492061,0.386041
1443289871994383,0.728563,0.492061,0.386041
1443289872010394,0.728563,0.492061,0.386041
1443289872031408,0.728563,0.492061,0.386041
1443289872054425,0.728563,0.492061,0.386041
1443289872071437,0.728563,0.492061,0.386041
1443289872091449,0.728563,0.492061,0.386041
1443289872113465,0.728563,0.492061,0.386041
1443289872130474,0.728563,0.492061,0.386041
1443289872151490,0.728563,0.492061,0.386041
1443289872173507,0.728563,0.492061,0.386041
1443289872190515,0.728563,0.492061,0.386041
1443289872211529,0.728563,0.492061,0.386041
1443289872233543,0.728563,0.492061,0.386041
1443289872250554,0.728626,0.492187,0.386109
1443289872271570,0.729151,0.491916,0.385896
1443289872293583,0.729151,0.491916,0.385896
1443289872311594,0.728323,0.49207,0.385696
1443289872331610,0.728125,0.492594,0.38545
1443289872353622,0.728125,0.492594,0.38545
1443289872371635,0.728699,0.493061,0.38556
1443289872391649,0.728799,0.493687,0.385319
1443289872413662,0.728651,0.493699,0.385282
1443289872431676,0.728799,0.493687,0.385319
1443289872451688,0.728637,0.494311,0.385537
1443289872473703,0.728627,0.495131,0.385609
1443289872491716,0.729284,0.495253,0.385873
1443289872511731,0.730011,0.495916,0.38584
1443289872541752,0.729863,0.495928,0.385802
1443289872551755,0.729387,0.495686,0.386224
1443289872571769,0.728509,0.495953,0.386586
1443289872601788,0.728478,0.495993,0.38646
1443289872611795,0.729139,0.496323,0.386542
1443289872631814,0.730072,0.496602,0.387095
1443289872653825,0.729816,0.496934,0.387302
1443289872671836,0.729816,0.496934,0.387302
1443289872691857,0.73028,0.497388,0.387912
1443289872713863,0.73047,0.497683,0.388232
1443289872731875,0.730574,0.498117,0.388584
1443289872751889,0.730595,0.498689,0.388967
1443289872773903,0.730794,0.499207,0.389514
1443289872791917,0.730879,0.499824,0.390081
1443289872811930,0.730849,0.500701,0.390439
1443289872833944,0.730851,0.501456,0.391038
1443289872851956,0.73082,0.502126,0.39158
1443289872879974,0.731171,0.502632,0.392167
1443289872900990,0.731425,0.502764,0.392856
1443289872911997,0.731813,0.502955,0.394275
1443289872933011,0.73182,0.50331,0.395651
1443289872954023,0.732249,0.503476,0.397608
1443289872972035,0.732814,0.503938,0.399752
1443289872993051,0.733026,0.505013,0.402309
1443289873014072,0.733652,0.50629,0.405487
1443289873032076,0.734566,0.50804,0.408303
1443289873053093,0.735875,0.510157,0.411551
1443289873074104,0.737887,0.512297,0.415976
1443289873092118,0.73914,0.514336,0.420274
1443289873113131,0.74059,0.517004,0.424496
1443289873137146,0.742934,0.519584,0.429005
1443289873159162,0.745506,0.522724,0.433977
1443289873179174,0.748055,0.525935,0.43954
1443289873194184,0.750444,0.529528,0.445364
1443289873212196,0.75327,0.533194,0.451136
1443289873234211,0.755915,0.537101,0.456825
1443289873254224,0.759104,0.540685,0.462735
1443289873276238,0.762439,0.543869,0.468949
1443289873295250,0.765913,0.546739,0.475349
1443289873321269,0.769603,0.54989,0.481996
1443289873353291,0.772993,0.553604,0.488696
1443289873356292,0.776835,0.557588,0.495844
1443289873374303,0.780568,0.561898,0.502996
1443289873396324,0.784172,0.566487,0.510142
1443289873414330,0.788305,0.570925,0.517589
1443289873437346,0.792743,0.575405,0.524927
1443289873456360,0.796808,0.580463,0.532027
1443289873474370,0.801098,0.585566,0.539167
1443289873494384,0.805199,0.590378,0.546657
1443289873516399,0.80875,0.594535,0.553647
1443289873534412,0.812239,0.598602,0.560467
1443289873554429,0.816151,0.60295,0.56692
1443289873576439,0.819583,0.607224,0.573194
1443289873600457,0.823163,0.6114,0.579486
1443289873614466,0.826214,0.615879,0.585774
1443289873636479,0.829608,0.620525,0.592279
1443289873654492,0.832777,0.625264,0.598383
1443289873674543,0.835987,0.630364,0.604135
1443289873696518,0.840254,0.635033,0.610046
1443289873714531,0.844308,0.639322,0.61639
1443289873733545,0.846979,0.643674,0.622327
1443289873756559,0.849913,0.647695,0.628481
1443289873774576,0.853126,0.652193,0.634663
1443289873793585,0.85655,0.656663,0.640644
1443289873816599,0.860427,0.661204,0.646507
1443289873834612,0.864233,0.66501,0.652258
1443289873855627,0.86747,0.668585,0.657889
1443289873876643,0.869764,0.672061,0.662479
1443289873894651,0.872871,0.675245,0.666907
1443289873915668,0.875992,0.677662,0.670917
1443289873936679,0.878047,0.679546,0.674704
1443289873954692,0.879672,0.68156,0.678057
1443289873976707,0.881381,0.683639,0.681208
1443289873996724,0.883988,0.685825,0.684877
1443289874014732,0.886362,0.688508,0.688716
1443289874035747,0.888125,0.69118,0.692721
1443289874056761,0.890036,0.693987,0.696869
1443289874074772,0.892097,0.69693,0.701163
1443289874095786,0.894223,0.700137,0.704967
1443289874116800,0.89738,0.70331,0.709405
1443289874134812,0.900714,0.706111,0.713633
1443289874155825,0.903399,0.708583,0.717475
1443289874176845,0.905517,0.710629,0.720632
1443289874194852,0.907215,0.71239,0.723543
1443289874216866,0.908371,0.713894,0.726476
1443289874236879,0.909113,0.715267,0.728994
1443289874254891,0.90997,0.716927,0.73116
1443289874276908,0.91134,0.718457,0.733065
1443289874295920,0.912867,0.719728,0.734936
1443289874313933,0.914261,0.720943,0.736939
1443289874336946,0.91484,0.72163,0.738693
1443289874355959,0.915217,0.72192,0.740503
1443289874373972,0.915742,0.722498,0.742285
1443289874396986,0.916592,0.723178,0.744018
1443289874417002,0.917009,0.724054,0.745806
1443289874434010,0.918101,0.725261,0.748274
1443289874457026,0.919592,0.726642,0.751047
1443289874477042,0.920874,0.728303,0.753915
1443289874494052,0.922498,0.730122,0.757509
1443289874517066,0.924516,0.732279,0.761501
1443289874536080,0.926513,0.734748,0.765104
1443289874554090,0.929104,0.73747,0.768734
1443289874577108,0.931771,0.739743,0.772339
1443289874596123,0.933821,0.741882,0.775504
1443289874614132,0.935939,0.743542,0.777676
1443289874637146,0.937855,0.744505,0.779346
1443289874656160,0.93866,0.744834,0.780729
1443289874679181,0.938459,0.744816,0.781469
1443289874697185,0.938459,0.744816,0.781469
1443289874716199,0.938656,0.744563,0.780999
1443289874739218,0.938479,0.74426,0.780438
1443289874757227,0.937799,0.743738,0.78002
1443289874778241,0.936863,0.743497,0.779361
1443289874799259,0.936178,0.743681,0.778489
1443289874816268,0.935876,0.7433,0.777235
1443289874838283,0.935355,0.743066,0.775474
1443289874859295,0.934347,0.742223,0.772919
1443289874877307,0.933557,0.74065,0.769892
1443289874898322,0.931859,0.738657,0.765572
1443289874919336,0.929927,0.735824,0.760599
1443289874937350,0.927177,0.732223,0.755147
1443289874958361,0.923003,0.72812,0.749105
1443289874979377,0.918356,0.723865,0.742775
1443289874997387,0.913631,0.720135,0.736278
1443289875018403,0.909263,0.716697,0.729491
1443289875039415,0.905552,0.713736,0.722606
1443289875056427,0.90251,0.710872,0.716007
1443289875077443,0.899036,0.707973,0.709643
1443289875099455,0.89536,0.705354,0.703948
1443289875116466,0.891359,0.703059,0.698691
1443289875139481,0.887381,0.701063,0.692814
1443289875159498,0.884668,0.699447,0.686769
1443289875176506,0.881981,0.697869,0.68038
1443289875199522,0.879136,0.69604,0.673615
1443289875219536,0.876224,0.693765,0.667417
1443289875236546,0.872563,0.690461,0.661487
1443289875259562,0.867872,0.686717,0.654694
1443289875279653,0.863596,0.682765,0.648002
1443289875296586,0.858929,0.678604,0.641193
1443289875319602,0.854743,0.673975,0.634551
1443289875338614,0.850417,0.669031,0.628124
1443289875361638,0.845203,0.664202,0.621391
1443289875379642,0.840069,0.659523,0.614557
1443289875406661,0.835694,0.654978,0.607603
1443289875416666,0.832079,0.650585,0.601124
1443289875439683,0.828786,0.646304,0.594855
1443289875458695,0.824816,0.641862,0.58869
1443289875476706,0.820346,0.637722,0.582603
1443289875499722,0.816025,0.633541,0.576472
1443289875518771,0.812821,0.629762,0.570498
1443289875536746,0.810097,0.625868,0.564696
1443289875559782,0.806857,0.622008,0.558876
1443289875578776,0.803647,0.617878,0.553631
1443289875596788,0.800992,0.613928,0.548462
1443289875619805,0.797869,0.610182,0.543237
1443289875638815,0.794947,0.606802,0.538409
1443289875662830,0.792359,0.60345,0.533633
1443289875686847,0.790195,0.600031,0.528879
1443289875706868,0.78844,0.596206,0.524084
1443289875716868,0.785901,0.592179,0.519192
1443289875739883,0.782894,0.587978,0.514602
1443289875760897,0.779739,0.583685,0.51035
1443289875777908,0.776803,0.5803,0.50607
1443289875798922,0.774543,0.577235,0.501402
1443289875821936,0.772286,0.57436,0.496155
1443289875836948,0.770535,0.570816,0.491361
1443289875859967,0.767489,0.567003,0.486232
1443289875880975,0.764022,0.563115,0.481072
1443289875896986,0.760977,0.558984,0.475701
1443289875920004,0.758082,0.554122,0.470226
1443289875941016,0.755017,0.549508,0.464676
1443289875957028,0.751727,0.545255,0.458845
1443289875979043,0.749242,0.540383,0.453036
1443289876001064,0.746599,0.535315,0.447268
1443289876021074,0.74339,0.530207,0.441691
1443289876039082,0.739487,0.524837,0.43621
1443289876060097,0.735383,0.519845,0.43087
1443289876082134,0.732074,0.515168,0.425813
1443289876099121,0.729304,0.510572,0.421018
1443289876122139,0.725836,0.506494,0.416354
1443289876141150,0.72228,0.502488,0.412143
1443289876159163,0.71926,0.499366,0.40781
1443289876182177,0.717395,0.496504,0.403452
1443289876201189,0.716462,0.493423,0.399165
1443289876219203,0.715112,0.490258,0.394853
1443289876242217,0.713165,0.486444,0.390912
1443289876261230,0.711102,0.482538,0.387434
1443289876279243,0.709276,0.478791,0.384123
1443289876302258,0.707714,0.475341,0.381277
1443289876321271,0.70629,0.472538,0.378766
1443289876339282,0.705203,0.470466,0.377048
1443289876362297,0.703654,0.468838,0.375657
1443289876381312,0.702344,0.468059,0.374673
1443289876399321,0.702197,0.468071,0.374638
1443289876422340,0.702024,0.468627,0.374397
1443289876441350,0.70173,0.469428,0.374505
1443289876459363,0.701554,0.470052,0.374709
1443289876482379,0.701525,0.47076,0.375241
1443289876501392,0.701116,0.471205,0.375698
1443289876519402,0.700969,0.471217,0.375663
1443289876546426,0.701028,0.471342,0.375728
1443289876561430,0.701115,0.471331,0.375626
1443289876580444,0.70094,0.471073,0.37613
1443289876601457,0.700151,0.470758,0.376034
1443289876622471,0.699947,0.47052,0.376007
1443289876638483,0.699947,0.47052,0.376007
1443289876661497,0.699976,0.470684,0.375946
1443289876682518,0.69983,0.470697,0.37591
1443289876698524,0.699888,0.470822,0.375975
1443289876721538,0.699888,0.470822,0.375975
1443289876742557,0.700472,0.471023,0.375971
1443289876758561,0.701495,0.471314,0.376
1443289876781576,0.703248,0.471814,0.376468
1443289876802592,0.705445,0.473197,0.37756
1443289876818605,0.706151,0.474144,0.37817
1443289876841621,0.707002,0.474338,0.379446
1443289876862631,0.709113,0.474654,0.380357
1443289876878642,0.710734,0.475796,0.380649
1443289876901656,0.71024,0.476299,0.381253
1443289876922671,0.707429,0.476366,0.381611
1443289876938682,0.705272,0.477705,0.381219
1443289876960699,0.705721,0.479105,0.380995
1443289876982711,0.70578,0.479542,0.380396
1443289876998721,0.704837,0.479562,0.379031
1443289877021737,0.703305,0.479263,0.376968
1443289877043754,0.70186,0.478455,0.374323
1443289877058762,0.700245,0.477775,0.371406
1443289877080778,0.698606,0.476986,0.368035
1443289877104793,0.696098,0.475935,0.364714
1443289877117803,0.692838,0.474948,0.36146
1443289877140824,0.688534,0.474347,0.358305
1443289877163833,0.685452,0.474424,0.355537
1443289877177842,0.683262,0.475322,0.352839
1443289877201003,0.680307,0.476528,0.350817
1443289877223872,0.676918,0.478902,0.349924
1443289877237882,0.673063,0.481199,0.34846
1443289877261023,0.67009,0.482976,0.346775
1443289877283913,0.668987,0.484265,0.346008
1443289877297939,0.668481,0.484874,0.346885
1443289877320937,0.668687,0.484909,0.348431
1443289877343952,0.669474,0.485025,0.350046
1443289877364974,0.671169,0.48491,0.351311
1443289877381002,0.672772,0.485081,0.352932
1443289877404018,0.674722,0.485682,0.354425
1443289877418001,0.676489,0.486863,0.355302
1443289877441017,0.677993,0.488534,0.356147
1443289877464034,0.678617,0.490632,0.356355
1443289877485051,0.678712,0.493108,0.356292
1443289877501058,0.677901,0.495518,0.355912
1443289877524072,0.676152,0.497469,0.35506
1443289877545086,0.674812,0.49912,0.354089
1443289877561098,0.674239,0.500019,0.353187
1443289877584114,0.673504,0.499799,0.352742
